subject_id,n_vertices,n_faces,non_manifold_edges,boundary_edges,status
sub-100604200_ses-1,60069,119876,2,262,NON_MANIFOLD
sub-100604200_ses-2,60075,119880,4,272,NON_MANIFOLD
sub-100604200_ses-3,60072,119882,1,261,NON_MANIFOLD
sub-100604200_ses-4,60079,119872,6,290,NON_MANIFOLD
sub-100604200_ses-5,60071,119879,3,264,NON_MANIFOLD
sub-101314200_ses-1,60067,119876,3,259,NON_MANIFOLD
sub-101314200_ses-2,60070,119880,1,259,NON_MANIFOLD
sub-101314200_ses-3,60073,119880,2,266,NON_MANIFOLD
sub-101314200_ses-4,60067,119889,5,248,NON_MANIFOLD
sub-101370100_ses-1,60058,119877,2,239,NON_MANIFOLD
sub-101370100_ses-2,60059,119873,2,245,NON_MANIFOLD
sub-101370100_ses-4,60064,119882,2,246,NON_MANIFOLD
sub-101376100_ses-2,60065,119857,4,275,NON_MANIFOLD
sub-101376100_ses-4,60075,119863,3,288,NON_MANIFOLD
sub-101430200_ses-4,60078,119868,3,289,NON_MANIFOLD
sub-101430200_ses-5,60081,119863,2,299,NON_MANIFOLD
sub-101443100_ses-2,60065,119865,2,265,NON_MANIFOLD
sub-101443100_ses-4,60074,119869,2,279,NON_MANIFOLD
sub-101939200_ses-1,60064,119860,0,266,OK
sub-101939200_ses-2,60065,119859,1,270,NON_MANIFOLD
sub-101939200_ses-3,60065,119864,6,270,NON_MANIFOLD
sub-101939200_ses-4,60069,119862,5,279,NON_MANIFOLD
sub-102268100_ses-1,60075,119865,2,285,NON_MANIFOLD
sub-102268100_ses-2,60069,119878,1,259,NON_MANIFOLD
sub-102372100_ses-1,60061,119878,1,243,NON_MANIFOLD
sub-102372100_ses-2,60064,119875,4,255,NON_MANIFOLD
sub-102372100_ses-4,60071,119883,6,263,NON_MANIFOLD
sub-102372100_ses-5,60062,119877,4,249,NON_MANIFOLD
sub-102952100_ses-1,60080,119874,4,288,NON_MANIFOLD
sub-102969100_ses-4,60069,119885,4,255,NON_MANIFOLD
sub-102969100_ses-5,60087,119869,4,307,NON_MANIFOLD
sub-103005201_ses-1,60060,119864,5,259,NON_MANIFOLD
sub-103049100_ses-1,60072,119870,4,276,NON_MANIFOLD
sub-103347100_ses-1,60076,119871,4,283,NON_MANIFOLD
sub-103426100_ses-1,60066,119876,4,258,NON_MANIFOLD
sub-103426100_ses-2,60067,119874,4,262,NON_MANIFOLD
sub-103430100_ses-2,60069,119874,3,265,NON_MANIFOLD
sub-103430100_ses-4,60068,119870,3,267,NON_MANIFOLD
sub-103430100_ses-5,60079,119863,2,295,NON_MANIFOLD
sub-103532100_ses-1,60060,119861,1,258,NON_MANIFOLD
sub-103532100_ses-2,60060,119860,2,260,NON_MANIFOLD
sub-103655200_ses-1,60063,119862,1,263,NON_MANIFOLD
sub-103655200_ses-2,60065,119864,4,268,NON_MANIFOLD
sub-103739100_ses-1,60079,119873,3,286,NON_MANIFOLD
sub-103739100_ses-2,60082,119872,3,293,NON_MANIFOLD
sub-103739100_ses-3,60083,119873,1,292,NON_MANIFOLD
sub-103739100_ses-4,60078,119876,3,281,NON_MANIFOLD
sub-104054100_ses-1,60065,119870,6,264,NON_MANIFOLD
sub-104054100_ses-4,60080,119875,4,287,NON_MANIFOLD
sub-104079100_ses-2,60071,119878,3,265,NON_MANIFOLD
sub-104079100_ses-3,60072,119881,0,261,OK
sub-104079100_ses-4,60072,119876,3,269,NON_MANIFOLD
sub-104079100_ses-5,60079,119872,2,286,NON_MANIFOLD
sub-104317100_ses-1,60059,119863,0,253,OK
sub-104317100_ses-4,60073,119857,3,290,NON_MANIFOLD
sub-104364100_ses-1,60064,119857,3,272,NON_MANIFOLD
sub-104364100_ses-4,60072,119873,4,273,NON_MANIFOLD
sub-104465100_ses-1,60068,119864,1,271,NON_MANIFOLD
sub-104465100_ses-2,60070,119865,6,279,NON_MANIFOLD
sub-104622200_ses-1,60074,119871,3,278,NON_MANIFOLD
sub-104622200_ses-2,60075,119871,0,277,OK
sub-104622200_ses-4,60083,119877,5,292,NON_MANIFOLD
sub-104622200_ses-5,60083,119866,4,302,NON_MANIFOLD
sub-104714100_ses-1,60065,119862,3,269,NON_MANIFOLD
sub-104714100_ses-2,60064,119857,1,270,NON_MANIFOLD
sub-104803100_ses-1,60066,119870,0,260,OK
sub-104803100_ses-2,60068,119877,4,261,NON_MANIFOLD
sub-104803100_ses-3,60064,119881,2,247,NON_MANIFOLD
sub-104803100_ses-4,60070,119877,2,263,NON_MANIFOLD
sub-104806100_ses-1,60071,119862,2,280,NON_MANIFOLD
sub-104806100_ses-4,60076,119881,3,272,NON_MANIFOLD
sub-104806100_ses-5,60085,119872,3,299,NON_MANIFOLD
sub-104905201_ses-1,60061,119874,2,248,NON_MANIFOLD
sub-104967100_ses-2,60076,119867,2,285,NON_MANIFOLD
sub-105026200_ses-1,60063,119881,1,244,NON_MANIFOLD
sub-105097100_ses-1,60065,119881,2,249,NON_MANIFOLD
sub-105097100_ses-2,60071,119887,4,257,NON_MANIFOLD
sub-105097100_ses-3,60067,119892,2,242,NON_MANIFOLD
sub-105097100_ses-4,60068,119887,5,252,NON_MANIFOLD
sub-105105100_ses-1,60074,119875,4,275,NON_MANIFOLD
sub-105105100_ses-2,60073,119875,1,270,NON_MANIFOLD
sub-105105100_ses-4,60071,119885,0,255,OK
sub-105105100_ses-5,60079,119875,3,284,NON_MANIFOLD
sub-105110100_ses-1,60071,119870,4,274,NON_MANIFOLD
sub-105110100_ses-2,60072,119870,5,277,NON_MANIFOLD
sub-105227100_ses-1,60067,119855,3,280,NON_MANIFOLD
sub-105227100_ses-2,60069,119865,2,273,NON_MANIFOLD
sub-105227100_ses-5,60072,119873,0,269,OK
sub-105231100_ses-1,60084,119881,3,288,NON_MANIFOLD
sub-105352100_ses-1,60070,119870,2,270,NON_MANIFOLD
sub-105352100_ses-2,60070,119872,2,268,NON_MANIFOLD
sub-105352100_ses-3,60074,119874,5,277,NON_MANIFOLD
sub-105352100_ses-4,60074,119874,4,276,NON_MANIFOLD
sub-105352100_ses-5,60078,119871,4,287,NON_MANIFOLD
sub-105444200_ses-1,60058,119872,5,247,NON_MANIFOLD
sub-105444200_ses-2,60065,119872,3,259,NON_MANIFOLD
sub-105444200_ses-3,60069,119881,1,256,NON_MANIFOLD
sub-105444200_ses-4,60068,119870,1,265,NON_MANIFOLD
sub-105444200_ses-5,60071,119866,5,279,NON_MANIFOLD
sub-105534100_ses-1,60063,119865,2,261,NON_MANIFOLD
sub-105534100_ses-2,60060,119869,5,254,NON_MANIFOLD
sub-105534100_ses-3,60067,119864,3,271,NON_MANIFOLD
sub-105534100_ses-4,60066,119865,7,272,NON_MANIFOLD
sub-105534100_ses-5,60071,119864,4,280,NON_MANIFOLD
sub-105577200_ses-1,60056,119879,1,232,NON_MANIFOLD
sub-105577200_ses-2,60067,119876,3,259,NON_MANIFOLD
sub-105577200_ses-3,60074,119876,3,273,NON_MANIFOLD
sub-105577200_ses-4,60066,119884,2,248,NON_MANIFOLD
sub-105762100_ses-1,60070,119855,1,284,NON_MANIFOLD
sub-105762100_ses-4,60073,119863,5,286,NON_MANIFOLD
sub-105782100_ses-1,60071,119874,1,267,NON_MANIFOLD
sub-105782100_ses-4,60068,119882,1,253,NON_MANIFOLD
sub-105788200_ses-1,60068,119874,5,265,NON_MANIFOLD
sub-105788200_ses-4,60069,119879,4,261,NON_MANIFOLD
sub-105821100_ses-1,60060,119865,2,255,NON_MANIFOLD
sub-105843201_ses-1,60073,119877,3,270,NON_MANIFOLD
sub-105843201_ses-2,60068,119874,4,264,NON_MANIFOLD
sub-105843201_ses-3,60072,119882,1,261,NON_MANIFOLD
sub-105850100_ses-1,60062,119870,3,255,NON_MANIFOLD
sub-105850100_ses-2,60068,119874,1,261,NON_MANIFOLD
sub-105850100_ses-5,60075,119872,4,280,NON_MANIFOLD
sub-105966100_ses-1,60063,119870,3,257,NON_MANIFOLD
sub-105966100_ses-4,60069,119874,3,264,NON_MANIFOLD
sub-105966100_ses-5,60074,119870,1,277,NON_MANIFOLD
sub-106003100_ses-1,60066,119862,2,270,NON_MANIFOLD
sub-106003100_ses-2,60074,119879,3,270,NON_MANIFOLD
sub-106006100_ses-1,60066,119863,1,268,NON_MANIFOLD
sub-106006100_ses-2,60066,119863,2,269,NON_MANIFOLD
sub-106006100_ses-4,60071,119865,5,280,NON_MANIFOLD
sub-106006100_ses-5,60078,119857,4,301,NON_MANIFOLD
sub-106032100_ses-1,60077,119877,6,281,NON_MANIFOLD
sub-106032100_ses-2,60072,119878,4,268,NON_MANIFOLD
sub-106032100_ses-3,60089,119870,1,307,NON_MANIFOLD
sub-106162100_ses-1,60074,119883,2,265,NON_MANIFOLD
sub-106292100_ses-1,60064,119856,1,271,NON_MANIFOLD
sub-106420100_ses-1,60055,119864,0,244,OK
sub-106420100_ses-2,60053,119874,0,230,OK
sub-106422100_ses-1,60074,119849,5,302,NON_MANIFOLD
sub-106422100_ses-2,60078,119851,3,306,NON_MANIFOLD
sub-106422100_ses-3,60075,119856,7,299,NON_MANIFOLD
sub-106431200_ses-1,60067,119864,6,274,NON_MANIFOLD
sub-106431200_ses-2,60064,119868,4,262,NON_MANIFOLD
sub-106431200_ses-3,60064,119878,4,252,NON_MANIFOLD
sub-106431200_ses-4,60071,119874,8,274,NON_MANIFOLD
sub-106431200_ses-5,60075,119864,3,287,NON_MANIFOLD
sub-106579100_ses-1,60069,119864,1,273,NON_MANIFOLD
sub-106579100_ses-4,60073,119866,2,280,NON_MANIFOLD
sub-106579100_ses-5,60079,119863,2,295,NON_MANIFOLD
sub-106580100_ses-1,60068,119871,7,270,NON_MANIFOLD
sub-106591100_ses-1,60064,119879,2,249,NON_MANIFOLD
sub-106591100_ses-4,60079,119883,2,275,NON_MANIFOLD
sub-106644200_ses-1,60072,119866,4,280,NON_MANIFOLD
sub-106644200_ses-2,60070,119867,3,274,NON_MANIFOLD
sub-106644200_ses-4,60079,119871,5,290,NON_MANIFOLD
sub-106648100_ses-1,60068,119875,4,263,NON_MANIFOLD
sub-106648100_ses-2,60067,119877,4,259,NON_MANIFOLD
sub-106651100_ses-1,60069,119871,2,267,NON_MANIFOLD
sub-106675100_ses-1,60063,119881,2,245,NON_MANIFOLD
sub-106675100_ses-2,60072,119886,6,262,NON_MANIFOLD
sub-106677100_ses-1,60069,119879,4,261,NON_MANIFOLD
sub-106677100_ses-2,60070,119887,3,254,NON_MANIFOLD
sub-106677100_ses-3,60072,119889,2,255,NON_MANIFOLD
sub-106677100_ses-5,60090,119885,3,296,NON_MANIFOLD
sub-106682100_ses-1,60060,119870,2,250,NON_MANIFOLD
sub-106682100_ses-4,60069,119879,4,261,NON_MANIFOLD
sub-106687200_ses-1,60067,119868,2,266,NON_MANIFOLD
sub-106687200_ses-2,60067,119870,1,263,NON_MANIFOLD
sub-106687200_ses-3,60067,119862,5,275,NON_MANIFOLD
sub-106687200_ses-4,60071,119870,1,271,NON_MANIFOLD
sub-106716100_ses-1,60059,119885,2,233,NON_MANIFOLD
sub-106716100_ses-4,60074,119885,2,263,NON_MANIFOLD
sub-106740100_ses-1,60070,119864,1,275,NON_MANIFOLD
sub-106740100_ses-2,60068,119866,1,269,NON_MANIFOLD
sub-106740100_ses-3,60060,119878,0,240,OK
sub-106825100_ses-1,60057,119881,3,234,NON_MANIFOLD
sub-106825100_ses-4,60072,119881,4,265,NON_MANIFOLD
sub-106826100_ses-1,60078,119869,3,288,NON_MANIFOLD
sub-106826100_ses-3,60078,119881,4,277,NON_MANIFOLD
sub-106826100_ses-4,60085,119877,1,292,NON_MANIFOLD
sub-106826100_ses-5,60079,119878,2,280,NON_MANIFOLD
sub-106845100_ses-1,60067,119871,1,262,NON_MANIFOLD
sub-106845100_ses-2,60064,119883,0,243,OK
sub-106947100_ses-1,60066,119867,4,267,NON_MANIFOLD
sub-106947100_ses-2,60068,119875,2,261,NON_MANIFOLD
sub-106947100_ses-5,60079,119866,4,294,NON_MANIFOLD
sub-106966100_ses-1,60066,119865,3,268,NON_MANIFOLD
sub-106966100_ses-4,60071,119879,1,262,NON_MANIFOLD
sub-106967100_ses-1,60068,119859,2,277,NON_MANIFOLD
sub-106970100_ses-1,60060,119867,2,253,NON_MANIFOLD
sub-106970100_ses-2,60064,119870,2,258,NON_MANIFOLD
sub-106971100_ses-1,60069,119864,1,273,NON_MANIFOLD
sub-106972100_ses-1,60058,119864,2,252,NON_MANIFOLD
sub-106972100_ses-2,60056,119873,2,239,NON_MANIFOLD
sub-106972100_ses-3,60068,119866,2,270,NON_MANIFOLD
sub-106972100_ses-4,60067,119867,2,267,NON_MANIFOLD
sub-106974100_ses-1,60071,119859,5,286,NON_MANIFOLD
sub-106993100_ses-1,60062,119883,1,240,NON_MANIFOLD
sub-106993100_ses-2,60062,119887,3,238,NON_MANIFOLD
sub-106993100_ses-3,60071,119885,4,259,NON_MANIFOLD
sub-106993100_ses-4,60065,119875,4,257,NON_MANIFOLD
sub-106994100_ses-1,60073,119865,3,282,NON_MANIFOLD
sub-106994100_ses-2,60072,119868,2,276,NON_MANIFOLD
sub-106994100_ses-3,60081,119873,8,295,NON_MANIFOLD
sub-106996100_ses-1,60074,119878,0,268,OK
sub-106996100_ses-4,60076,119890,6,266,NON_MANIFOLD
sub-106997100_ses-1,60066,119860,0,270,OK
sub-107004100_ses-1,60063,119859,3,268,NON_MANIFOLD
sub-107004100_ses-2,60061,119863,1,258,NON_MANIFOLD
sub-107004100_ses-3,60062,119868,2,256,NON_MANIFOLD
sub-107183100_ses-1,60062,119881,2,243,NON_MANIFOLD
sub-107183100_ses-2,60067,119882,2,252,NON_MANIFOLD
sub-107183100_ses-3,60068,119886,1,249,NON_MANIFOLD
sub-107183100_ses-4,60074,119884,3,265,NON_MANIFOLD
sub-107187100_ses-1,60068,119886,2,250,NON_MANIFOLD
sub-107187100_ses-2,60068,119890,6,250,NON_MANIFOLD
sub-107201200_ses-1,60071,119884,1,257,NON_MANIFOLD
sub-107201200_ses-2,60070,119892,5,251,NON_MANIFOLD
sub-107201200_ses-3,60076,119888,5,267,NON_MANIFOLD
sub-107205100_ses-1,60064,119879,2,249,NON_MANIFOLD
sub-107205100_ses-2,60066,119884,2,248,NON_MANIFOLD
sub-107205100_ses-3,60070,119885,2,255,NON_MANIFOLD
sub-107205100_ses-5,60076,119869,5,286,NON_MANIFOLD
sub-107268100_ses-1,60070,119886,4,256,NON_MANIFOLD
sub-107320100_ses-1,60066,119869,3,264,NON_MANIFOLD
sub-107320100_ses-2,60062,119878,1,245,NON_MANIFOLD
sub-107320100_ses-3,60063,119879,3,248,NON_MANIFOLD
sub-107320100_ses-5,60071,119870,3,273,NON_MANIFOLD
sub-107328100_ses-4,60081,119850,5,315,NON_MANIFOLD
sub-107328100_ses-5,60075,119856,1,293,NON_MANIFOLD
sub-107330100_ses-1,60062,119865,3,260,NON_MANIFOLD
sub-107330100_ses-4,60067,119873,2,261,NON_MANIFOLD
sub-107331100_ses-1,60065,119882,1,247,NON_MANIFOLD
sub-107405100_ses-1,60063,119864,5,265,NON_MANIFOLD
sub-107405100_ses-4,60073,119864,7,287,NON_MANIFOLD
sub-107406100_ses-1,60057,119876,2,238,NON_MANIFOLD
sub-107406100_ses-2,60062,119879,3,246,NON_MANIFOLD
sub-107443100_ses-1,60065,119870,0,258,OK
sub-107443100_ses-2,60070,119875,2,265,NON_MANIFOLD
sub-107443100_ses-5,60083,119858,4,310,NON_MANIFOLD
sub-107453100_ses-1,60066,119880,2,252,NON_MANIFOLD
sub-107453100_ses-2,60070,119880,2,260,NON_MANIFOLD
sub-107453100_ses-3,60077,119884,3,271,NON_MANIFOLD
sub-107453100_ses-4,60076,119875,4,279,NON_MANIFOLD
sub-107472100_ses-1,60071,119860,3,283,NON_MANIFOLD
sub-107472100_ses-2,60065,119876,1,253,NON_MANIFOLD
sub-107472100_ses-3,60071,119874,3,269,NON_MANIFOLD
sub-107475100_ses-1,60076,119887,2,265,NON_MANIFOLD
sub-107509100_ses-1,60065,119870,3,261,NON_MANIFOLD
sub-107509100_ses-4,60069,119884,1,253,NON_MANIFOLD
sub-107509100_ses-5,60071,119877,2,265,NON_MANIFOLD
sub-107528100_ses-1,60069,119852,2,286,NON_MANIFOLD
sub-107528100_ses-4,60080,119875,5,288,NON_MANIFOLD
sub-107543100_ses-1,60060,119863,2,257,NON_MANIFOLD
sub-107543100_ses-2,60067,119868,0,264,OK
sub-107547100_ses-1,60065,119859,3,272,NON_MANIFOLD
sub-107547100_ses-2,60056,119867,1,244,NON_MANIFOLD
sub-107547100_ses-3,60059,119864,1,253,NON_MANIFOLD
sub-107547100_ses-4,60064,119863,2,265,NON_MANIFOLD
sub-107547100_ses-5,60074,119854,3,295,NON_MANIFOLD
sub-107560100_ses-1,60068,119879,3,258,NON_MANIFOLD
sub-107560100_ses-2,60071,119882,1,259,NON_MANIFOLD
sub-107560100_ses-3,60081,119882,4,282,NON_MANIFOLD
sub-107561100_ses-1,60068,119868,2,268,NON_MANIFOLD
sub-107561100_ses-2,60068,119884,1,251,NON_MANIFOLD
sub-107561100_ses-3,60066,119880,3,253,NON_MANIFOLD
sub-107609100_ses-1,60064,119867,0,259,OK
sub-107609100_ses-2,60064,119880,3,249,NON_MANIFOLD
sub-107609100_ses-3,60067,119875,1,258,NON_MANIFOLD
sub-107629100_ses-1,60053,119866,0,238,OK
sub-107629100_ses-4,60067,119873,1,260,NON_MANIFOLD
sub-107629100_ses-5,60080,119853,3,308,NON_MANIFOLD
sub-107642100_ses-1,60070,119871,1,268,NON_MANIFOLD
sub-107642100_ses-2,60078,119884,2,272,NON_MANIFOLD
sub-107655100_ses-1,60064,119872,3,257,NON_MANIFOLD
sub-107655100_ses-2,60069,119864,4,276,NON_MANIFOLD
sub-107655100_ses-3,60070,119877,0,261,OK
sub-107655100_ses-4,60081,119868,5,297,NON_MANIFOLD
sub-107655100_ses-5,60081,119863,2,299,NON_MANIFOLD
sub-107665100_ses-1,60056,119857,5,258,NON_MANIFOLD
sub-107671100_ses-1,60066,119884,3,249,NON_MANIFOLD
sub-107671100_ses-2,60068,119896,3,241,NON_MANIFOLD
sub-107671100_ses-3,60068,119889,2,247,NON_MANIFOLD
sub-107674201_ses-1,60055,119867,1,242,NON_MANIFOLD
sub-107674201_ses-2,60064,119883,3,246,NON_MANIFOLD
sub-107674201_ses-3,60071,119885,3,258,NON_MANIFOLD
sub-107674201_ses-4,60070,119884,1,255,NON_MANIFOLD
sub-107674201_ses-5,60079,119877,4,283,NON_MANIFOLD
sub-107691201_ses-1,60065,119865,3,266,NON_MANIFOLD
sub-107691201_ses-2,60074,119867,3,282,NON_MANIFOLD
sub-107691201_ses-3,60068,119870,2,266,NON_MANIFOLD
sub-107694100_ses-1,60063,119857,4,271,NON_MANIFOLD
sub-107694100_ses-2,60066,119862,5,272,NON_MANIFOLD
sub-107694100_ses-3,60075,119856,3,295,NON_MANIFOLD
sub-107705100_ses-1,60073,119874,2,272,NON_MANIFOLD
sub-107705100_ses-2,60072,119875,1,268,NON_MANIFOLD
sub-107705100_ses-3,60071,119881,3,262,NON_MANIFOLD
sub-107705100_ses-4,60077,119880,1,273,NON_MANIFOLD
sub-107705100_ses-5,60078,119872,2,284,NON_MANIFOLD
sub-107708100_ses-1,60063,119847,0,277,OK
sub-107708100_ses-2,60063,119851,7,280,NON_MANIFOLD
sub-107708100_ses-3,60065,119860,4,272,NON_MANIFOLD
sub-107708100_ses-4,60068,119859,2,277,NON_MANIFOLD
sub-107708100_ses-5,60067,119847,1,286,NON_MANIFOLD
sub-107723100_ses-1,60067,119865,4,271,NON_MANIFOLD
sub-107723100_ses-2,60071,119864,4,279,NON_MANIFOLD
sub-107723100_ses-3,60073,119867,1,278,NON_MANIFOLD
sub-107723100_ses-4,60075,119863,1,286,NON_MANIFOLD
sub-107723100_ses-5,60074,119858,3,290,NON_MANIFOLD
sub-107735100_ses-1,60068,119871,3,266,NON_MANIFOLD
sub-107735100_ses-2,60065,119875,1,254,NON_MANIFOLD
sub-107735100_ses-3,60068,119873,2,263,NON_MANIFOLD
sub-107735100_ses-4,60075,119875,5,278,NON_MANIFOLD
sub-107735100_ses-5,60076,119858,1,293,NON_MANIFOLD
sub-107738100_ses-1,60064,119876,2,252,NON_MANIFOLD
sub-107738100_ses-2,60065,119877,1,252,NON_MANIFOLD
sub-107738100_ses-3,60057,119879,1,234,NON_MANIFOLD
sub-107738100_ses-4,60068,119875,5,264,NON_MANIFOLD
sub-107738100_ses-5,60070,119872,3,269,NON_MANIFOLD
sub-107745100_ses-1,60079,119859,5,302,NON_MANIFOLD
sub-107745100_ses-2,60068,119869,0,265,OK
sub-107752100_ses-1,60061,119871,2,251,NON_MANIFOLD
sub-107752100_ses-4,60071,119876,5,268,NON_MANIFOLD
sub-107753100_ses-1,60066,119855,2,277,NON_MANIFOLD
sub-107753100_ses-2,60067,119864,3,271,NON_MANIFOLD
sub-107753100_ses-4,60068,119866,2,270,NON_MANIFOLD
sub-107764100_ses-1,60065,119861,3,270,NON_MANIFOLD
sub-107764100_ses-2,60061,119880,1,241,NON_MANIFOLD
sub-107764100_ses-3,60066,119884,1,247,NON_MANIFOLD
sub-107764100_ses-4,60071,119880,1,261,NON_MANIFOLD
sub-107764100_ses-5,60070,119875,3,266,NON_MANIFOLD
sub-107766100_ses-1,60066,119876,2,256,NON_MANIFOLD
sub-107766100_ses-2,60073,119877,3,270,NON_MANIFOLD
sub-107766100_ses-4,60079,119884,1,273,NON_MANIFOLD
sub-107766100_ses-5,60085,119878,3,293,NON_MANIFOLD
sub-107773100_ses-1,60065,119864,0,264,OK
sub-107783100_ses-1,60064,119878,3,251,NON_MANIFOLD
sub-107783100_ses-2,60070,119878,2,262,NON_MANIFOLD
sub-107783100_ses-3,60068,119887,2,249,NON_MANIFOLD
sub-107783100_ses-4,60079,119884,4,276,NON_MANIFOLD
sub-107802100_ses-1,60057,119875,2,239,NON_MANIFOLD
sub-107802100_ses-2,60058,119874,1,241,NON_MANIFOLD
sub-107802100_ses-3,60060,119878,2,242,NON_MANIFOLD
sub-107802100_ses-4,60072,119871,3,274,NON_MANIFOLD
sub-107802100_ses-5,60068,119867,4,271,NON_MANIFOLD
sub-107841100_ses-1,60065,119878,1,251,NON_MANIFOLD
sub-107841100_ses-2,60072,119882,4,264,NON_MANIFOLD
sub-107841100_ses-3,60068,119884,5,255,NON_MANIFOLD
sub-107841100_ses-4,60069,119886,3,253,NON_MANIFOLD
sub-107841100_ses-5,60080,119878,1,281,NON_MANIFOLD
sub-107899200_ses-1,60074,119887,4,263,NON_MANIFOLD
sub-107899200_ses-2,60073,119891,0,253,OK
sub-107907100_ses-1,60065,119879,2,251,NON_MANIFOLD
sub-107907100_ses-2,60066,119882,1,249,NON_MANIFOLD
sub-107907100_ses-3,60071,119890,2,252,NON_MANIFOLD
sub-107907100_ses-4,60074,119884,1,263,NON_MANIFOLD
sub-107921100_ses-1,60070,119857,1,282,NON_MANIFOLD
sub-107925100_ses-1,60078,119882,4,276,NON_MANIFOLD
sub-107925100_ses-2,60072,119886,7,262,NON_MANIFOLD
sub-107935100_ses-1,60063,119873,2,253,NON_MANIFOLD
sub-107935100_ses-2,60067,119874,3,261,NON_MANIFOLD
sub-107935100_ses-3,60076,119874,4,280,NON_MANIFOLD
sub-107935100_ses-4,60073,119873,4,275,NON_MANIFOLD
sub-107935100_ses-5,60082,119870,11,303,NON_MANIFOLD
sub-107937100_ses-1,60056,119859,0,251,OK
sub-107937100_ses-2,60061,119869,1,252,NON_MANIFOLD
sub-107937100_ses-3,60059,119867,6,255,NON_MANIFOLD
sub-107937100_ses-4,60064,119872,2,256,NON_MANIFOLD
sub-107937100_ses-5,60078,119873,4,285,NON_MANIFOLD
sub-107948100_ses-1,60052,119867,3,238,NON_MANIFOLD
sub-107948100_ses-2,60067,119870,5,267,NON_MANIFOLD
sub-107965100_ses-1,60061,119843,2,279,NON_MANIFOLD
sub-107965100_ses-2,60052,119844,1,259,NON_MANIFOLD
sub-107965100_ses-3,60063,119835,1,290,NON_MANIFOLD
sub-107965100_ses-4,60064,119847,1,280,NON_MANIFOLD
sub-107977100_ses-1,60070,119863,3,278,NON_MANIFOLD
sub-107977100_ses-2,60073,119869,4,279,NON_MANIFOLD
sub-107990100_ses-1,60064,119857,1,270,NON_MANIFOLD
sub-107990100_ses-2,60064,119870,3,259,NON_MANIFOLD
sub-107990100_ses-3,60068,119874,1,261,NON_MANIFOLD
sub-108010100_ses-1,60063,119869,3,258,NON_MANIFOLD
sub-108054100_ses-1,60063,119897,4,231,NON_MANIFOLD
sub-108070100_ses-1,60063,119867,3,260,NON_MANIFOLD
sub-108070100_ses-4,60073,119872,4,276,NON_MANIFOLD
sub-108070100_ses-5,60081,119866,2,296,NON_MANIFOLD
sub-108104100_ses-1,60062,119865,2,259,NON_MANIFOLD
sub-108104100_ses-4,60069,119881,3,258,NON_MANIFOLD
sub-108104100_ses-5,60072,119871,4,275,NON_MANIFOLD
sub-108130100_ses-1,60073,119863,3,284,NON_MANIFOLD
sub-108130100_ses-2,60074,119872,2,276,NON_MANIFOLD
sub-108130100_ses-3,60078,119871,1,284,NON_MANIFOLD
sub-108229100_ses-1,60061,119889,4,235,NON_MANIFOLD
sub-108229100_ses-2,60063,119888,2,238,NON_MANIFOLD
sub-108229100_ses-3,60071,119889,2,253,NON_MANIFOLD
sub-108229100_ses-4,60068,119886,7,255,NON_MANIFOLD
sub-108229100_ses-5,60067,119885,3,250,NON_MANIFOLD
sub-108243300_ses-1,60057,119858,0,254,OK
sub-108243300_ses-2,60063,119865,0,259,OK
sub-108246100_ses-1,60068,119875,2,261,NON_MANIFOLD
sub-108246100_ses-2,60065,119884,0,244,OK
sub-108246100_ses-3,60064,119892,2,236,NON_MANIFOLD
sub-108270100_ses-1,60064,119869,3,260,NON_MANIFOLD
sub-108270100_ses-2,60061,119873,2,249,NON_MANIFOLD
sub-108270100_ses-4,60067,119875,2,259,NON_MANIFOLD
sub-108270100_ses-5,60074,119863,3,286,NON_MANIFOLD
sub-108297100_ses-1,60073,119870,1,275,NON_MANIFOLD
sub-108297100_ses-2,60070,119878,3,263,NON_MANIFOLD
sub-108297100_ses-3,60070,119876,3,265,NON_MANIFOLD
sub-108297100_ses-4,60076,119877,2,275,NON_MANIFOLD
sub-108344100_ses-1,60073,119866,3,281,NON_MANIFOLD
sub-108344100_ses-4,60079,119877,3,282,NON_MANIFOLD
sub-108344100_ses-5,60087,119860,2,314,NON_MANIFOLD
sub-108366100_ses-1,60065,119872,0,256,OK
sub-108366100_ses-2,60066,119888,3,245,NON_MANIFOLD
sub-108366100_ses-3,60063,119893,3,234,NON_MANIFOLD
sub-108367100_ses-1,60071,119886,1,255,NON_MANIFOLD
sub-108367100_ses-2,60067,119888,4,248,NON_MANIFOLD
sub-108367100_ses-3,60072,119894,3,251,NON_MANIFOLD
sub-108367100_ses-4,60067,119892,3,243,NON_MANIFOLD
sub-108369100_ses-1,60060,119877,2,243,NON_MANIFOLD
sub-108369100_ses-4,60072,119887,7,262,NON_MANIFOLD
sub-108369100_ses-5,60076,119882,4,272,NON_MANIFOLD
sub-108370100_ses-1,60058,119855,2,261,NON_MANIFOLD
sub-108370100_ses-2,60062,119855,3,270,NON_MANIFOLD
sub-108370100_ses-4,60068,119855,1,280,NON_MANIFOLD
sub-108370100_ses-5,60073,119850,2,296,NON_MANIFOLD
sub-108372100_ses-1,60068,119871,0,263,OK
sub-108372100_ses-4,60071,119881,4,263,NON_MANIFOLD
sub-108372100_ses-5,60071,119872,3,271,NON_MANIFOLD
sub-108376100_ses-1,60072,119865,3,280,NON_MANIFOLD
sub-108378100_ses-1,60064,119881,4,249,NON_MANIFOLD
sub-108396100_ses-1,60063,119874,3,253,NON_MANIFOLD
sub-108396100_ses-2,60062,119868,2,256,NON_MANIFOLD
sub-108396100_ses-4,60065,119879,6,255,NON_MANIFOLD
sub-108396100_ses-5,60074,119868,2,280,NON_MANIFOLD
sub-108409100_ses-1,60064,119866,2,262,NON_MANIFOLD
sub-108409100_ses-2,60063,119870,2,256,NON_MANIFOLD
sub-108409100_ses-3,60065,119874,2,256,NON_MANIFOLD
sub-108409100_ses-4,60071,119869,2,273,NON_MANIFOLD
sub-108444100_ses-1,60071,119888,1,253,NON_MANIFOLD
sub-108444100_ses-2,60066,119894,3,239,NON_MANIFOLD
sub-108471100_ses-1,60057,119859,0,253,OK
sub-108471100_ses-2,60057,119880,1,233,NON_MANIFOLD
sub-108471100_ses-4,60067,119874,3,261,NON_MANIFOLD
sub-108471100_ses-5,60064,119869,4,261,NON_MANIFOLD
sub-108477100_ses-1,60075,119843,5,310,NON_MANIFOLD
sub-108477100_ses-2,60074,119848,3,301,NON_MANIFOLD
sub-108477100_ses-3,60074,119854,2,294,NON_MANIFOLD
sub-108477100_ses-4,60072,119856,2,288,NON_MANIFOLD
sub-108486100_ses-1,60056,119869,2,243,NON_MANIFOLD
sub-108486100_ses-4,60066,119871,4,263,NON_MANIFOLD
sub-108486100_ses-5,60074,119868,3,281,NON_MANIFOLD
sub-108500100_ses-1,60059,119879,3,240,NON_MANIFOLD
sub-108500100_ses-2,60063,119884,2,242,NON_MANIFOLD
sub-108500100_ses-3,60066,119884,3,249,NON_MANIFOLD
sub-108500100_ses-4,60068,119883,3,254,NON_MANIFOLD
sub-108500100_ses-5,60066,119888,4,246,NON_MANIFOLD
sub-108546100_ses-1,60070,119873,1,266,NON_MANIFOLD
sub-108558100_ses-1,60059,119873,3,246,NON_MANIFOLD
sub-108558100_ses-4,60075,119887,2,263,NON_MANIFOLD
sub-108558100_ses-5,60074,119885,4,265,NON_MANIFOLD
sub-108567100_ses-1,60063,119877,1,248,NON_MANIFOLD
sub-108567100_ses-2,60069,119879,2,259,NON_MANIFOLD
sub-108567100_ses-3,60070,119888,5,255,NON_MANIFOLD
sub-108567100_ses-4,60067,119890,2,244,NON_MANIFOLD
sub-108567100_ses-5,60086,119879,6,297,NON_MANIFOLD
sub-108570201_ses-1,60066,119872,3,261,NON_MANIFOLD
sub-108570201_ses-2,60064,119872,0,254,OK
sub-108570201_ses-3,60070,119874,1,265,NON_MANIFOLD
sub-108590100_ses-1,60066,119863,1,268,NON_MANIFOLD
sub-108590100_ses-2,60068,119874,5,265,NON_MANIFOLD
sub-108590100_ses-3,60061,119875,2,247,NON_MANIFOLD
sub-108590100_ses-4,60066,119878,2,254,NON_MANIFOLD
sub-108590100_ses-5,60070,119865,1,274,NON_MANIFOLD
sub-108598100_ses-1,60060,119866,2,254,NON_MANIFOLD
sub-108598100_ses-2,60065,119871,3,260,NON_MANIFOLD
sub-108598100_ses-3,60069,119876,3,263,NON_MANIFOLD
sub-108598100_ses-4,60072,119871,7,278,NON_MANIFOLD
sub-108598100_ses-5,60081,119850,4,314,NON_MANIFOLD
sub-108602100_ses-1,60060,119874,2,246,NON_MANIFOLD
sub-108602100_ses-2,60071,119874,5,271,NON_MANIFOLD
sub-108602100_ses-4,60070,119875,4,267,NON_MANIFOLD
sub-108637100_ses-1,60062,119864,1,259,NON_MANIFOLD
sub-108644100_ses-1,60072,119872,7,277,NON_MANIFOLD
sub-108644100_ses-2,60073,119873,2,273,NON_MANIFOLD
sub-108644100_ses-3,60072,119875,1,267,NON_MANIFOLD
sub-108644100_ses-4,60076,119875,1,276,NON_MANIFOLD
sub-108644100_ses-5,60076,119877,9,282,NON_MANIFOLD
sub-108670100_ses-1,60075,119886,4,266,NON_MANIFOLD
sub-108674100_ses-1,60066,119877,3,256,NON_MANIFOLD
sub-108674100_ses-2,60071,119882,2,260,NON_MANIFOLD
sub-108674100_ses-3,60078,119860,4,298,NON_MANIFOLD
sub-108676100_ses-1,60068,119880,1,255,NON_MANIFOLD
sub-108676100_ses-2,60067,119888,2,246,NON_MANIFOLD
sub-108676100_ses-3,60071,119884,6,262,NON_MANIFOLD
sub-108676100_ses-4,60075,119886,3,265,NON_MANIFOLD
sub-108676100_ses-5,60073,119880,5,269,NON_MANIFOLD
sub-108678100_ses-1,60069,119873,2,265,NON_MANIFOLD
sub-108678100_ses-2,60074,119875,1,272,NON_MANIFOLD
sub-108678100_ses-3,60076,119875,2,277,NON_MANIFOLD
sub-108678100_ses-4,60080,119882,3,279,NON_MANIFOLD
sub-108678100_ses-5,60086,119878,3,295,NON_MANIFOLD
sub-108679100_ses-1,60073,119878,5,271,NON_MANIFOLD
sub-108681100_ses-1,60060,119873,1,246,NON_MANIFOLD
sub-108681100_ses-2,60068,119873,2,263,NON_MANIFOLD
sub-108681100_ses-5,60074,119872,1,275,NON_MANIFOLD
sub-108690100_ses-1,60072,119848,4,298,NON_MANIFOLD
sub-108690100_ses-2,60062,119872,1,251,NON_MANIFOLD
sub-108693100_ses-1,60073,119882,1,263,NON_MANIFOLD
sub-108693100_ses-2,60079,119877,0,279,OK
sub-108693100_ses-3,60071,119878,1,263,NON_MANIFOLD
sub-108693100_ses-4,60081,119877,4,287,NON_MANIFOLD
sub-108698100_ses-1,60060,119868,1,251,NON_MANIFOLD
sub-108698100_ses-2,60068,119867,3,270,NON_MANIFOLD
sub-108703100_ses-1,60064,119877,6,255,NON_MANIFOLD
sub-108703100_ses-4,60060,119889,0,229,OK
sub-108703100_ses-5,60071,119876,5,269,NON_MANIFOLD
sub-108706100_ses-1,60065,119869,1,260,NON_MANIFOLD
sub-108706100_ses-2,60064,119881,3,248,NON_MANIFOLD
sub-108706100_ses-3,60064,119880,4,250,NON_MANIFOLD
sub-108706100_ses-4,60070,119880,2,260,NON_MANIFOLD
sub-108738100_ses-1,60069,119869,5,272,NON_MANIFOLD
sub-108738100_ses-2,60072,119870,2,274,NON_MANIFOLD
sub-108738100_ses-3,60071,119877,0,263,OK
sub-108750200_ses-1,60066,119851,1,280,NON_MANIFOLD
sub-108750200_ses-4,60071,119862,2,280,NON_MANIFOLD
sub-108751100_ses-1,60071,119866,5,279,NON_MANIFOLD
sub-108755100_ses-1,60064,119865,1,262,NON_MANIFOLD
sub-108755100_ses-4,60064,119874,3,255,NON_MANIFOLD
sub-108792100_ses-1,60071,119876,0,264,OK
sub-108792100_ses-4,60069,119886,2,252,NON_MANIFOLD
sub-108846100_ses-1,60063,119860,4,268,NON_MANIFOLD
sub-108846100_ses-2,60067,119871,5,266,NON_MANIFOLD
sub-108846100_ses-3,60058,119870,0,244,OK
sub-108846100_ses-4,60068,119866,2,270,NON_MANIFOLD
sub-108856100_ses-1,60068,119884,3,253,NON_MANIFOLD
sub-108856100_ses-4,60072,119880,2,264,NON_MANIFOLD
sub-108856100_ses-5,60080,119871,2,289,NON_MANIFOLD
sub-108881100_ses-1,60076,119870,0,280,OK
sub-108904100_ses-1,60064,119863,0,263,OK
sub-108904100_ses-2,60063,119866,2,260,NON_MANIFOLD
sub-108904100_ses-3,60073,119862,2,284,NON_MANIFOLD
sub-108904100_ses-5,60084,119850,4,320,NON_MANIFOLD
sub-108910100_ses-1,60054,119891,2,217,NON_MANIFOLD
sub-108913100_ses-1,60064,119853,3,276,NON_MANIFOLD
sub-108916100_ses-1,60055,119850,1,259,NON_MANIFOLD
sub-108916100_ses-4,60068,119850,1,285,NON_MANIFOLD
sub-108920100_ses-1,60063,119877,2,249,NON_MANIFOLD
sub-108920100_ses-2,60069,119882,3,257,NON_MANIFOLD
sub-108920100_ses-3,60069,119886,4,254,NON_MANIFOLD
sub-108920100_ses-4,60079,119887,5,274,NON_MANIFOLD
sub-108923100_ses-1,60064,119856,2,272,NON_MANIFOLD
sub-108923100_ses-4,60073,119866,3,281,NON_MANIFOLD
sub-108923100_ses-5,60069,119858,2,280,NON_MANIFOLD
sub-108965100_ses-1,60064,119871,0,255,OK
sub-108965100_ses-5,60080,119857,4,305,NON_MANIFOLD
sub-108970100_ses-1,60070,119886,3,255,NON_MANIFOLD
sub-108970100_ses-2,60077,119889,4,267,NON_MANIFOLD
sub-108970100_ses-3,60074,119889,4,261,NON_MANIFOLD
sub-108970100_ses-4,60077,119895,6,263,NON_MANIFOLD
sub-108975100_ses-1,60066,119875,2,257,NON_MANIFOLD
sub-108975100_ses-4,60079,119882,2,276,NON_MANIFOLD
sub-108990100_ses-1,60072,119891,1,252,NON_MANIFOLD
sub-108990100_ses-2,60067,119897,1,236,NON_MANIFOLD
sub-108990100_ses-3,60066,119898,3,235,NON_MANIFOLD
sub-108990100_ses-4,60070,119900,5,243,NON_MANIFOLD
sub-109009100_ses-1,60061,119880,2,242,NON_MANIFOLD
sub-109009100_ses-2,60067,119886,0,246,OK
sub-109009100_ses-3,60069,119886,3,253,NON_MANIFOLD
sub-109009100_ses-4,60071,119883,2,259,NON_MANIFOLD
sub-109012100_ses-1,60053,119873,2,233,NON_MANIFOLD
sub-109012100_ses-2,60059,119876,0,240,OK
sub-109012100_ses-3,60060,119883,2,237,NON_MANIFOLD
sub-109012100_ses-4,60063,119876,3,251,NON_MANIFOLD
sub-109012100_ses-5,60065,119854,4,278,NON_MANIFOLD
sub-109054100_ses-1,60073,119865,1,280,NON_MANIFOLD
sub-109054100_ses-2,60070,119875,3,266,NON_MANIFOLD
sub-109054100_ses-3,60063,119888,1,237,NON_MANIFOLD
sub-109056200_ses-1,60064,119881,7,252,NON_MANIFOLD
sub-109075100_ses-1,60061,119877,3,246,NON_MANIFOLD
sub-109075100_ses-2,60064,119883,3,246,NON_MANIFOLD
sub-109087100_ses-1,60064,119890,0,236,OK
sub-109087100_ses-2,60073,119893,2,253,NON_MANIFOLD
sub-109087100_ses-3,60074,119891,2,257,NON_MANIFOLD
sub-109087100_ses-4,60074,119886,6,266,NON_MANIFOLD
sub-109087100_ses-5,60079,119879,3,280,NON_MANIFOLD
sub-109092100_ses-1,60063,119876,3,251,NON_MANIFOLD
sub-109092100_ses-2,60058,119888,2,228,NON_MANIFOLD
sub-109092100_ses-3,60065,119885,4,247,NON_MANIFOLD
sub-109092100_ses-4,60071,119888,1,253,NON_MANIFOLD
sub-109092100_ses-5,60079,119868,5,293,NON_MANIFOLD
sub-109119100_ses-1,60058,119865,2,251,NON_MANIFOLD
sub-109119100_ses-2,60060,119864,1,255,NON_MANIFOLD
sub-109124100_ses-1,60074,119877,1,270,NON_MANIFOLD
sub-109124100_ses-2,60064,119883,2,245,NON_MANIFOLD
sub-109124100_ses-3,60072,119880,2,264,NON_MANIFOLD
sub-109134100_ses-1,60073,119884,2,262,NON_MANIFOLD
sub-109134100_ses-4,60074,119894,6,258,NON_MANIFOLD
sub-109134100_ses-5,60076,119876,0,274,OK
sub-109138100_ses-1,60066,119863,0,267,OK
sub-109138100_ses-2,60064,119865,0,261,OK
sub-109138100_ses-3,60061,119874,1,247,NON_MANIFOLD
sub-109138100_ses-4,60069,119863,2,275,NON_MANIFOLD
sub-109156100_ses-1,60067,119872,4,264,NON_MANIFOLD
sub-109156100_ses-2,60066,119876,1,255,NON_MANIFOLD
sub-109156100_ses-3,60074,119876,4,274,NON_MANIFOLD
sub-109166100_ses-1,60063,119858,2,268,NON_MANIFOLD
sub-109166100_ses-4,60069,119866,2,272,NON_MANIFOLD
sub-109210100_ses-1,60067,119876,2,258,NON_MANIFOLD
sub-109210100_ses-2,60070,119879,0,259,OK
sub-109210100_ses-5,60083,119874,2,292,NON_MANIFOLD
sub-109232100_ses-1,60065,119884,4,248,NON_MANIFOLD
sub-109232100_ses-2,60071,119886,6,260,NON_MANIFOLD
sub-109232100_ses-4,60072,119883,2,261,NON_MANIFOLD
sub-109252100_ses-1,60065,119889,7,246,NON_MANIFOLD
sub-109252100_ses-4,60071,119893,2,249,NON_MANIFOLD
sub-109268100_ses-1,60065,119877,0,251,OK
sub-109268100_ses-3,60061,119889,2,233,NON_MANIFOLD
sub-109268100_ses-4,60065,119882,6,251,NON_MANIFOLD
sub-109268100_ses-5,60063,119874,1,251,NON_MANIFOLD
sub-109272100_ses-1,60077,119879,2,275,NON_MANIFOLD
sub-109295100_ses-1,60065,119874,2,256,NON_MANIFOLD
sub-109295100_ses-2,60067,119876,4,260,NON_MANIFOLD
sub-109295100_ses-3,60059,119888,4,232,NON_MANIFOLD
sub-109295100_ses-4,60068,119886,2,250,NON_MANIFOLD
sub-109295100_ses-5,60072,119871,0,271,OK
sub-109339100_ses-1,60064,119873,2,255,NON_MANIFOLD
sub-109355100_ses-1,60083,119871,4,297,NON_MANIFOLD
sub-109355100_ses-2,60081,119877,3,286,NON_MANIFOLD
sub-109355100_ses-3,60077,119879,1,274,NON_MANIFOLD
sub-109355100_ses-4,60079,119886,4,274,NON_MANIFOLD
sub-109355100_ses-5,60075,119891,3,260,NON_MANIFOLD
sub-109358100_ses-1,60071,119890,4,254,NON_MANIFOLD
sub-109434100_ses-1,60065,119888,3,243,NON_MANIFOLD
sub-109441200_ses-1,60062,119878,1,245,NON_MANIFOLD
sub-109441200_ses-2,60076,119878,1,273,NON_MANIFOLD
sub-109441200_ses-3,60070,119884,5,259,NON_MANIFOLD
sub-109441200_ses-4,60079,119883,3,276,NON_MANIFOLD
sub-109441200_ses-5,60079,119877,4,283,NON_MANIFOLD
sub-109455100_ses-1,60066,119869,1,262,NON_MANIFOLD
sub-109455100_ses-2,60075,119866,2,284,NON_MANIFOLD
sub-109455100_ses-3,60072,119877,2,267,NON_MANIFOLD
sub-109470100_ses-1,60078,119876,2,280,NON_MANIFOLD
sub-109470100_ses-4,60090,119877,4,305,NON_MANIFOLD
sub-109493100_ses-1,60067,119874,4,262,NON_MANIFOLD
sub-109493100_ses-2,60068,119879,3,258,NON_MANIFOLD
sub-109493100_ses-3,60068,119881,1,254,NON_MANIFOLD
sub-109493100_ses-4,60067,119882,2,252,NON_MANIFOLD
sub-109507100_ses-1,60066,119870,1,261,NON_MANIFOLD
sub-109507100_ses-4,60079,119878,3,281,NON_MANIFOLD
sub-109517100_ses-1,60075,119877,3,272,NON_MANIFOLD
sub-109517100_ses-2,60077,119879,4,277,NON_MANIFOLD
sub-109531100_ses-1,60063,119848,2,278,NON_MANIFOLD
sub-109531100_ses-2,60060,119868,2,252,NON_MANIFOLD
sub-109531100_ses-4,60060,119869,1,250,NON_MANIFOLD
sub-109531100_ses-5,60069,119861,4,279,NON_MANIFOLD
sub-109543100_ses-1,60064,119878,4,252,NON_MANIFOLD
sub-109543100_ses-2,60061,119886,0,234,OK
sub-109543100_ses-3,60064,119889,6,243,NON_MANIFOLD
sub-109543100_ses-4,60068,119884,3,253,NON_MANIFOLD
sub-109543100_ses-5,60073,119876,2,270,NON_MANIFOLD
sub-109556100_ses-1,60072,119871,1,272,NON_MANIFOLD
sub-109556100_ses-3,60076,119877,3,276,NON_MANIFOLD
sub-109556100_ses-4,60078,119883,4,275,NON_MANIFOLD
sub-109568100_ses-1,60069,119871,4,269,NON_MANIFOLD
sub-109568100_ses-4,60076,119875,4,279,NON_MANIFOLD
sub-109580100_ses-1,60072,119898,2,246,NON_MANIFOLD
sub-109580100_ses-2,60081,119904,2,258,NON_MANIFOLD
sub-109580100_ses-3,60078,119903,1,252,NON_MANIFOLD
sub-109595100_ses-1,60074,119875,3,274,NON_MANIFOLD
sub-109595100_ses-2,60068,119891,5,248,NON_MANIFOLD
sub-109595100_ses-3,60072,119892,4,254,NON_MANIFOLD
sub-109595100_ses-4,60076,119889,5,266,NON_MANIFOLD
sub-109595100_ses-5,60100,119878,7,327,NON_MANIFOLD
sub-109600100_ses-1,60058,119856,1,259,NON_MANIFOLD
sub-109600100_ses-2,60060,119857,1,262,NON_MANIFOLD
sub-109617100_ses-1,60064,119863,3,266,NON_MANIFOLD
sub-109617100_ses-2,60064,119868,2,260,NON_MANIFOLD
sub-109617100_ses-4,60069,119873,4,267,NON_MANIFOLD
sub-109617100_ses-5,60080,119858,3,303,NON_MANIFOLD
sub-109632100_ses-1,60071,119873,2,269,NON_MANIFOLD
sub-109632100_ses-2,60075,119876,2,274,NON_MANIFOLD
sub-109651100_ses-1,60067,119875,1,258,NON_MANIFOLD
sub-109651100_ses-2,60072,119880,4,266,NON_MANIFOLD
sub-109651100_ses-3,60072,119880,1,263,NON_MANIFOLD
sub-109651100_ses-4,60074,119881,1,266,NON_MANIFOLD
sub-109678100_ses-1,60079,119868,3,291,NON_MANIFOLD
sub-109678100_ses-2,60079,119869,3,290,NON_MANIFOLD
sub-109678100_ses-3,60079,119864,8,300,NON_MANIFOLD
sub-109678100_ses-4,60076,119870,3,283,NON_MANIFOLD
sub-109678100_ses-5,60085,119868,5,305,NON_MANIFOLD
sub-109693100_ses-1,60058,119865,1,250,NON_MANIFOLD
sub-109693100_ses-4,60071,119870,2,272,NON_MANIFOLD
sub-109693100_ses-5,60075,119860,2,290,NON_MANIFOLD
sub-109702100_ses-4,60063,119886,1,239,NON_MANIFOLD
sub-109702100_ses-5,60070,119888,3,253,NON_MANIFOLD
sub-109703100_ses-1,60067,119868,8,272,NON_MANIFOLD
sub-109703100_ses-2,60074,119869,5,281,NON_MANIFOLD
sub-109703100_ses-3,60072,119867,1,276,NON_MANIFOLD
sub-109703100_ses-4,60082,119866,3,299,NON_MANIFOLD
sub-109709100_ses-1,60061,119886,5,239,NON_MANIFOLD
sub-109709100_ses-2,60058,119894,0,220,OK
sub-109709100_ses-3,60058,119898,1,217,NON_MANIFOLD
sub-109709100_ses-4,60066,119894,2,238,NON_MANIFOLD
sub-109709100_ses-5,60068,119894,1,241,NON_MANIFOLD
sub-109712100_ses-1,60060,119876,2,244,NON_MANIFOLD
sub-109712100_ses-5,60075,119865,2,285,NON_MANIFOLD
sub-109724100_ses-1,60068,119867,1,268,NON_MANIFOLD
sub-109724100_ses-2,60064,119882,2,246,NON_MANIFOLD
sub-109724100_ses-3,60074,119879,3,270,NON_MANIFOLD
sub-109724100_ses-4,60069,119875,3,264,NON_MANIFOLD
sub-109733100_ses-1,60069,119892,5,249,NON_MANIFOLD
sub-109733100_ses-2,60072,119876,1,267,NON_MANIFOLD
sub-109733100_ses-4,60080,119876,5,287,NON_MANIFOLD
sub-109758100_ses-1,60069,119878,0,258,OK
sub-109758100_ses-2,60069,119884,3,255,NON_MANIFOLD
sub-109758100_ses-3,60068,119883,3,254,NON_MANIFOLD
sub-109758100_ses-5,60083,119874,2,292,NON_MANIFOLD
sub-109771100_ses-1,60069,119881,1,256,NON_MANIFOLD
sub-109771100_ses-2,60075,119889,3,260,NON_MANIFOLD
sub-109771100_ses-3,60076,119889,4,265,NON_MANIFOLD
sub-109775100_ses-1,60060,119868,0,250,OK
sub-109776100_ses-1,60065,119845,3,286,NON_MANIFOLD
sub-109776100_ses-2,60065,119859,7,276,NON_MANIFOLD
sub-109776100_ses-3,60069,119868,2,270,NON_MANIFOLD
sub-109776100_ses-4,60068,119862,4,275,NON_MANIFOLD
sub-109776100_ses-5,60073,119857,3,290,NON_MANIFOLD
sub-109783100_ses-1,60067,119875,2,259,NON_MANIFOLD
sub-109783100_ses-2,60068,119882,4,256,NON_MANIFOLD
sub-109783100_ses-3,60069,119879,1,258,NON_MANIFOLD
sub-109783100_ses-4,60078,119882,5,277,NON_MANIFOLD
sub-109783100_ses-5,60078,119879,4,279,NON_MANIFOLD
sub-109807100_ses-1,60067,119871,0,261,OK
sub-109807100_ses-2,60074,119874,5,277,NON_MANIFOLD
sub-109807100_ses-3,60072,119881,4,265,NON_MANIFOLD
sub-109807100_ses-4,60075,119870,2,280,NON_MANIFOLD
sub-109810100_ses-1,60063,119880,3,247,NON_MANIFOLD
sub-109810100_ses-2,60063,119878,2,248,NON_MANIFOLD
sub-109810100_ses-3,60065,119885,0,243,OK
sub-109855100_ses-1,60065,119876,2,254,NON_MANIFOLD
sub-109855100_ses-2,60074,119877,0,269,OK
sub-109855100_ses-3,60065,119880,3,251,NON_MANIFOLD
sub-109858100_ses-1,60063,119892,2,234,NON_MANIFOLD
sub-109858100_ses-2,60063,119898,3,229,NON_MANIFOLD
sub-109858100_ses-3,60071,119891,2,251,NON_MANIFOLD
sub-109868100_ses-1,60061,119853,1,268,NON_MANIFOLD
sub-109868100_ses-2,60070,119855,1,284,NON_MANIFOLD
sub-109868100_ses-3,60059,119868,3,251,NON_MANIFOLD
sub-109868100_ses-4,60068,119870,2,266,NON_MANIFOLD
sub-109868100_ses-5,60076,119854,4,300,NON_MANIFOLD
sub-109882100_ses-4,60066,119878,3,255,NON_MANIFOLD
sub-109898100_ses-4,60073,119875,1,270,NON_MANIFOLD
sub-109898100_ses-5,60086,119866,4,308,NON_MANIFOLD
sub-109920100_ses-1,60060,119893,5,230,NON_MANIFOLD
sub-109920100_ses-5,60079,119888,2,270,NON_MANIFOLD
sub-109921100_ses-1,60076,119895,6,261,NON_MANIFOLD
sub-109921100_ses-2,60067,119901,3,234,NON_MANIFOLD
sub-109921100_ses-3,60079,119891,4,269,NON_MANIFOLD
sub-109921100_ses-4,60074,119902,0,244,OK
sub-109921100_ses-5,60083,119890,3,277,NON_MANIFOLD
sub-109937100_ses-1,60069,119880,2,258,NON_MANIFOLD
sub-109937100_ses-3,60078,119891,3,266,NON_MANIFOLD
sub-109937100_ses-4,60082,119885,1,278,NON_MANIFOLD
sub-109937100_ses-5,60073,119891,4,257,NON_MANIFOLD
sub-109956100_ses-1,60063,119870,2,256,NON_MANIFOLD
sub-109956100_ses-2,60068,119874,1,261,NON_MANIFOLD
sub-109956100_ses-3,60073,119868,7,281,NON_MANIFOLD
sub-109956100_ses-4,60080,119873,5,290,NON_MANIFOLD
sub-109956100_ses-5,60086,119858,6,316,NON_MANIFOLD
sub-109958100_ses-1,60068,119879,4,259,NON_MANIFOLD
sub-109958100_ses-2,60072,119875,1,268,NON_MANIFOLD
sub-109958100_ses-3,60065,119884,0,244,OK
sub-109958100_ses-4,60080,119887,3,274,NON_MANIFOLD
sub-109975100_ses-1,60060,119873,2,247,NON_MANIFOLD
sub-109975100_ses-2,60069,119872,2,266,NON_MANIFOLD
sub-109975100_ses-3,60068,119871,2,265,NON_MANIFOLD
sub-109975100_ses-4,60072,119875,3,270,NON_MANIFOLD
sub-109994100_ses-1,60064,119873,0,253,OK
sub-109994100_ses-2,60070,119874,1,265,NON_MANIFOLD
sub-109994100_ses-3,60066,119879,4,255,NON_MANIFOLD
sub-109994100_ses-4,60071,119874,3,269,NON_MANIFOLD
sub-110007100_ses-1,60069,119856,3,283,NON_MANIFOLD
sub-110007100_ses-2,60070,119863,3,278,NON_MANIFOLD
sub-110007100_ses-3,60069,119866,1,271,NON_MANIFOLD
sub-110007100_ses-5,60073,119862,1,283,NON_MANIFOLD
sub-110021100_ses-1,60063,119878,2,248,NON_MANIFOLD
sub-110021100_ses-2,60067,119881,5,256,NON_MANIFOLD
sub-110021100_ses-3,60074,119878,2,270,NON_MANIFOLD
sub-110021100_ses-4,60071,119882,3,261,NON_MANIFOLD
sub-110023100_ses-1,60069,119851,3,288,NON_MANIFOLD
sub-110023100_ses-2,60069,119859,3,280,NON_MANIFOLD
sub-110023100_ses-3,60069,119874,0,262,OK
sub-110023100_ses-4,60073,119869,3,278,NON_MANIFOLD
sub-110023100_ses-5,60072,119861,0,281,OK
sub-110024100_ses-1,60074,119873,0,273,OK
sub-110024100_ses-2,60073,119880,1,265,NON_MANIFOLD
sub-110024100_ses-4,60077,119877,2,277,NON_MANIFOLD
sub-110024100_ses-5,60082,119865,1,298,NON_MANIFOLD
sub-110041100_ses-1,60071,119869,0,271,OK
sub-110041100_ses-2,60070,119865,4,277,NON_MANIFOLD
sub-110052100_ses-1,60063,119873,2,253,NON_MANIFOLD
sub-110052100_ses-2,60063,119880,3,247,NON_MANIFOLD
sub-110052100_ses-3,60064,119882,0,244,OK
sub-110056100_ses-1,60057,119851,1,262,NON_MANIFOLD
sub-110056100_ses-2,60063,119860,2,266,NON_MANIFOLD
sub-110074100_ses-1,60061,119881,4,243,NON_MANIFOLD
sub-110074100_ses-2,60065,119878,2,252,NON_MANIFOLD
sub-110074100_ses-3,60071,119886,4,258,NON_MANIFOLD
sub-110074100_ses-4,60071,119878,2,264,NON_MANIFOLD
sub-110074100_ses-5,60072,119884,3,261,NON_MANIFOLD
sub-110114100_ses-1,60064,119865,4,265,NON_MANIFOLD
sub-110114100_ses-2,60072,119867,1,276,NON_MANIFOLD
sub-110114100_ses-3,60065,119874,0,254,OK
sub-110114100_ses-4,60076,119880,2,272,NON_MANIFOLD
sub-110114100_ses-5,60077,119868,5,289,NON_MANIFOLD
sub-110116100_ses-1,60062,119861,4,265,NON_MANIFOLD
sub-110116100_ses-2,60061,119878,1,243,NON_MANIFOLD
sub-110116100_ses-3,60064,119873,1,254,NON_MANIFOLD
sub-110116100_ses-4,60071,119881,3,262,NON_MANIFOLD
sub-110197200_ses-1,60056,119866,2,246,NON_MANIFOLD
sub-110197200_ses-3,60064,119870,2,258,NON_MANIFOLD
sub-110198100_ses-1,60068,119877,1,258,NON_MANIFOLD
sub-110198100_ses-2,60066,119875,2,257,NON_MANIFOLD
sub-110276100_ses-1,60075,119881,2,269,NON_MANIFOLD
sub-110276100_ses-2,60074,119885,5,266,NON_MANIFOLD
sub-110302200_ses-1,60062,119872,3,253,NON_MANIFOLD
sub-110367100_ses-1,60065,119884,3,247,NON_MANIFOLD
sub-110367100_ses-2,60068,119878,3,259,NON_MANIFOLD
sub-110367100_ses-3,60065,119887,0,241,OK
sub-110546100_ses-1,60066,119872,2,260,NON_MANIFOLD
sub-110546100_ses-2,60066,119875,3,258,NON_MANIFOLD
sub-110572100_ses-1,60063,119877,0,247,OK
sub-110572100_ses-2,60070,119876,4,266,NON_MANIFOLD
sub-110572100_ses-3,60073,119869,1,276,NON_MANIFOLD
sub-110572100_ses-4,60075,119874,6,280,NON_MANIFOLD
sub-110777100_ses-1,60070,119882,1,257,NON_MANIFOLD
sub-110777100_ses-2,60068,119889,3,248,NON_MANIFOLD
sub-110777100_ses-3,60068,119888,2,248,NON_MANIFOLD
sub-110799100_ses-1,60066,119877,1,254,NON_MANIFOLD
sub-110799100_ses-2,60061,119881,2,241,NON_MANIFOLD
sub-110799100_ses-3,60068,119876,0,258,OK
sub-110830100_ses-1,60054,119864,1,243,NON_MANIFOLD
sub-110830100_ses-2,60065,119869,3,262,NON_MANIFOLD
sub-110830100_ses-3,60062,119867,1,256,NON_MANIFOLD
sub-110830100_ses-4,60072,119861,3,284,NON_MANIFOLD
sub-110831100_ses-1,60064,119868,2,260,NON_MANIFOLD
sub-110831100_ses-2,60067,119879,5,258,NON_MANIFOLD
sub-110831100_ses-4,60075,119870,0,278,OK
sub-110858100_ses-1,60066,119862,2,270,NON_MANIFOLD
sub-110873100_ses-1,60063,119873,3,254,NON_MANIFOLD
sub-110873100_ses-2,60065,119873,5,260,NON_MANIFOLD
sub-110873100_ses-3,60064,119874,0,252,OK
sub-111004100_ses-1,60060,119870,2,250,NON_MANIFOLD
sub-111004100_ses-2,60058,119876,4,242,NON_MANIFOLD
sub-111004100_ses-3,60067,119874,3,261,NON_MANIFOLD
sub-111026100_ses-1,60064,119868,1,259,NON_MANIFOLD
sub-111026100_ses-2,60062,119866,1,257,NON_MANIFOLD
sub-111026100_ses-3,60056,119869,1,242,NON_MANIFOLD
sub-111026100_ses-4,60079,119867,3,292,NON_MANIFOLD
sub-111036200_ses-1,60059,119861,4,259,NON_MANIFOLD
sub-111036200_ses-2,60058,119864,3,253,NON_MANIFOLD
sub-111036200_ses-3,60062,119865,3,260,NON_MANIFOLD
sub-111036200_ses-4,60069,119858,1,279,NON_MANIFOLD
sub-111051100_ses-1,60057,119879,2,235,NON_MANIFOLD
sub-111069100_ses-1,60055,119864,2,246,NON_MANIFOLD
sub-111069100_ses-3,60058,119853,1,262,NON_MANIFOLD
sub-111069100_ses-4,60066,119856,4,278,NON_MANIFOLD
sub-111088100_ses-1,60064,119871,2,257,NON_MANIFOLD
sub-111088100_ses-3,60067,119878,2,256,NON_MANIFOLD
sub-111088100_ses-4,60077,119868,1,285,NON_MANIFOLD
sub-111088200_ses-1,60065,119874,2,256,NON_MANIFOLD
sub-111088200_ses-2,60069,119878,2,260,NON_MANIFOLD
sub-111088200_ses-3,60067,119883,1,250,NON_MANIFOLD
sub-111095100_ses-1,60058,119871,3,246,NON_MANIFOLD
sub-111110100_ses-1,60062,119863,1,260,NON_MANIFOLD
sub-111110100_ses-3,60064,119864,4,266,NON_MANIFOLD
sub-111110100_ses-4,60076,119857,3,296,NON_MANIFOLD
sub-111122100_ses-1,60064,119862,4,268,NON_MANIFOLD
sub-111122100_ses-2,60059,119858,3,261,NON_MANIFOLD
sub-111122100_ses-3,60060,119863,2,257,NON_MANIFOLD
sub-111122100_ses-4,60074,119854,5,297,NON_MANIFOLD
sub-111180100_ses-1,60060,119879,1,240,NON_MANIFOLD
sub-111180100_ses-2,60068,119880,1,255,NON_MANIFOLD
sub-111180100_ses-3,60064,119880,2,248,NON_MANIFOLD
sub-111180100_ses-4,60072,119883,5,264,NON_MANIFOLD
sub-111183100_ses-1,60068,119861,4,277,NON_MANIFOLD
sub-111183100_ses-3,60057,119878,2,236,NON_MANIFOLD
sub-111189100_ses-1,60066,119866,3,267,NON_MANIFOLD
sub-111189100_ses-2,60065,119870,2,260,NON_MANIFOLD
sub-111189100_ses-3,60070,119870,4,272,NON_MANIFOLD
sub-111231100_ses-1,60066,119888,4,246,NON_MANIFOLD
sub-111231100_ses-2,60071,119886,2,256,NON_MANIFOLD
sub-111269100_ses-1,60070,119870,6,274,NON_MANIFOLD
sub-111269100_ses-2,60069,119869,2,269,NON_MANIFOLD
sub-111291100_ses-1,60068,119888,2,248,NON_MANIFOLD
sub-111291100_ses-2,60063,119892,3,235,NON_MANIFOLD
sub-111367100_ses-1,60072,119855,1,288,NON_MANIFOLD
sub-111367100_ses-2,60063,119872,1,253,NON_MANIFOLD
sub-111367100_ses-3,60069,119875,3,264,NON_MANIFOLD
sub-111367100_ses-4,60064,119872,2,256,NON_MANIFOLD
sub-111405100_ses-1,60066,119868,3,265,NON_MANIFOLD
sub-111405100_ses-4,60080,119874,5,289,NON_MANIFOLD
sub-111409100_ses-1,60058,119860,1,255,NON_MANIFOLD
sub-111409100_ses-2,60065,119859,1,270,NON_MANIFOLD
sub-111409100_ses-4,60070,119852,2,288,NON_MANIFOLD
sub-111440100_ses-1,60062,119879,3,246,NON_MANIFOLD
sub-111440100_ses-3,60063,119884,1,241,NON_MANIFOLD
sub-111440100_ses-4,60070,119888,3,253,NON_MANIFOLD
sub-111462100_ses-1,60059,119853,3,266,NON_MANIFOLD
sub-111462100_ses-3,60062,119853,0,269,OK
sub-111484100_ses-1,60057,119860,1,253,NON_MANIFOLD
sub-111487100_ses-1,60064,119865,2,263,NON_MANIFOLD
sub-111487100_ses-2,60061,119872,0,248,OK
sub-111487100_ses-3,60061,119871,1,250,NON_MANIFOLD
sub-111593100_ses-1,60076,119866,2,286,NON_MANIFOLD
sub-111593100_ses-2,60074,119873,0,273,OK
sub-111593100_ses-3,60070,119874,3,267,NON_MANIFOLD
sub-111593100_ses-4,60073,119875,1,270,NON_MANIFOLD
sub-111594100_ses-1,60064,119843,3,286,NON_MANIFOLD
sub-111594100_ses-2,60065,119860,3,271,NON_MANIFOLD
sub-111594100_ses-3,60058,119862,0,252,OK
sub-111618100_ses-1,60064,119865,1,262,NON_MANIFOLD
sub-111618100_ses-2,60069,119874,3,263,NON_MANIFOLD
sub-111618100_ses-4,60076,119877,2,275,NON_MANIFOLD
sub-111619100_ses-1,60067,119868,1,265,NON_MANIFOLD
sub-111622100_ses-1,60061,119866,1,255,NON_MANIFOLD
sub-111622100_ses-2,60062,119865,0,257,OK
sub-111622100_ses-3,60063,119866,2,260,NON_MANIFOLD
sub-111622100_ses-4,60062,119860,2,264,NON_MANIFOLD
sub-111624100_ses-1,60060,119879,0,239,OK
sub-111624100_ses-2,60063,119877,2,249,NON_MANIFOLD
sub-111624100_ses-3,60066,119881,2,251,NON_MANIFOLD
sub-111624100_ses-4,60067,119881,7,258,NON_MANIFOLD
sub-111662100_ses-1,60067,119881,3,254,NON_MANIFOLD
sub-111662100_ses-2,60072,119882,4,264,NON_MANIFOLD
sub-111662100_ses-3,60070,119893,3,248,NON_MANIFOLD
sub-111667100_ses-1,60062,119877,3,247,NON_MANIFOLD
sub-111667100_ses-2,60068,119873,1,262,NON_MANIFOLD
sub-111667100_ses-3,60062,119886,2,238,NON_MANIFOLD
sub-111694100_ses-1,60066,119855,4,279,NON_MANIFOLD
sub-111694100_ses-4,60063,119866,5,263,NON_MANIFOLD
sub-111695100_ses-1,60070,119863,3,278,NON_MANIFOLD
sub-111695100_ses-2,60070,119860,2,280,NON_MANIFOLD
sub-111695100_ses-3,60073,119862,3,285,NON_MANIFOLD
sub-111714100_ses-1,60062,119871,2,253,NON_MANIFOLD
sub-111714100_ses-2,60059,119869,1,248,NON_MANIFOLD
sub-111714100_ses-3,60077,119861,6,297,NON_MANIFOLD
sub-111714100_ses-4,60074,119872,4,278,NON_MANIFOLD
sub-111734100_ses-1,60069,119890,3,249,NON_MANIFOLD
sub-111734100_ses-3,60074,119893,2,255,NON_MANIFOLD
sub-111793100_ses-1,60074,119867,1,280,NON_MANIFOLD
sub-111793100_ses-2,60065,119869,2,261,NON_MANIFOLD
sub-111805100_ses-1,60070,119869,4,273,NON_MANIFOLD
sub-111805100_ses-2,60075,119865,3,286,NON_MANIFOLD
sub-111807100_ses-1,60065,119884,2,246,NON_MANIFOLD
sub-111807100_ses-2,60069,119891,3,248,NON_MANIFOLD
sub-111807100_ses-3,60067,119885,4,251,NON_MANIFOLD
sub-111814100_ses-1,60057,119874,6,244,NON_MANIFOLD
sub-111829100_ses-1,60067,119882,3,253,NON_MANIFOLD
sub-111829100_ses-2,60073,119878,5,271,NON_MANIFOLD
sub-111834100_ses-1,60072,119885,2,259,NON_MANIFOLD
sub-111837100_ses-1,60068,119865,2,271,NON_MANIFOLD
sub-111862100_ses-1,60054,119880,2,228,NON_MANIFOLD
sub-111862100_ses-2,60053,119883,2,223,NON_MANIFOLD
sub-111862100_ses-4,60066,119877,4,257,NON_MANIFOLD
sub-111884100_ses-1,60061,119870,3,253,NON_MANIFOLD
sub-111884100_ses-3,60066,119869,2,263,NON_MANIFOLD
sub-111884100_ses-4,60064,119871,1,256,NON_MANIFOLD
sub-111911100_ses-1,60065,119881,4,251,NON_MANIFOLD
sub-111911100_ses-2,60059,119888,3,231,NON_MANIFOLD
sub-111912100_ses-1,60065,119893,2,237,NON_MANIFOLD
sub-111926100_ses-1,60070,119876,2,264,NON_MANIFOLD
sub-111937100_ses-1,60070,119871,5,272,NON_MANIFOLD
sub-111937100_ses-2,60068,119873,2,263,NON_MANIFOLD
sub-111937100_ses-4,60078,119876,3,281,NON_MANIFOLD
sub-111938100_ses-1,60063,119872,3,255,NON_MANIFOLD
sub-111938100_ses-2,60067,119876,1,257,NON_MANIFOLD
sub-111940100_ses-1,60069,119881,4,259,NON_MANIFOLD
sub-111940100_ses-2,60063,119879,3,248,NON_MANIFOLD
sub-111949100_ses-1,60065,119878,1,251,NON_MANIFOLD
sub-111949100_ses-2,60071,119884,7,263,NON_MANIFOLD
sub-111975100_ses-1,60066,119861,1,270,NON_MANIFOLD
sub-111975100_ses-2,60071,119866,4,278,NON_MANIFOLD
sub-111975100_ses-4,60072,119864,2,280,NON_MANIFOLD
sub-111999100_ses-1,60062,119862,5,265,NON_MANIFOLD
sub-111999100_ses-2,60065,119867,2,263,NON_MANIFOLD
sub-111999100_ses-3,60063,119877,1,248,NON_MANIFOLD
sub-111999100_ses-4,60074,119868,3,281,NON_MANIFOLD
sub-112000100_ses-1,60066,119875,3,258,NON_MANIFOLD
sub-112000100_ses-2,60064,119881,4,249,NON_MANIFOLD
sub-112000100_ses-3,60073,119878,5,271,NON_MANIFOLD
sub-112000100_ses-4,60072,119874,1,269,NON_MANIFOLD
sub-112004100_ses-1,60076,119874,0,276,OK
sub-112004100_ses-2,60077,119883,3,272,NON_MANIFOLD
sub-112004100_ses-3,60078,119886,2,270,NON_MANIFOLD
sub-112004100_ses-4,60082,119881,1,282,NON_MANIFOLD
sub-112034100_ses-1,60064,119878,3,251,NON_MANIFOLD
sub-112034100_ses-3,60061,119884,4,240,NON_MANIFOLD
sub-112050100_ses-1,60070,119888,2,252,NON_MANIFOLD
sub-112061100_ses-1,60057,119864,1,249,NON_MANIFOLD
sub-112061100_ses-2,60058,119873,6,247,NON_MANIFOLD
sub-112061100_ses-3,60063,119867,0,257,OK
sub-112061100_ses-4,60077,119855,2,299,NON_MANIFOLD
sub-112109200_ses-1,60061,119872,2,250,NON_MANIFOLD
sub-112109200_ses-3,60068,119879,3,258,NON_MANIFOLD
sub-112128100_ses-1,60060,119866,5,257,NON_MANIFOLD
sub-112128100_ses-2,60064,119856,2,272,NON_MANIFOLD
sub-112128100_ses-3,60073,119865,2,281,NON_MANIFOLD
sub-112128100_ses-4,60073,119871,4,277,NON_MANIFOLD
sub-112165100_ses-1,60067,119871,5,266,NON_MANIFOLD
sub-112185100_ses-1,60062,119873,1,250,NON_MANIFOLD
sub-112185100_ses-2,60065,119876,1,253,NON_MANIFOLD
sub-112185100_ses-3,60064,119867,0,259,OK
sub-112198100_ses-1,60054,119864,1,243,NON_MANIFOLD
sub-112198100_ses-2,60065,119872,5,261,NON_MANIFOLD
sub-112198100_ses-3,60061,119877,3,246,NON_MANIFOLD
sub-112198100_ses-4,60081,119884,1,277,NON_MANIFOLD
sub-112213100_ses-1,60070,119855,3,286,NON_MANIFOLD
sub-112213100_ses-2,60071,119863,0,277,OK
sub-112213100_ses-3,60069,119865,0,271,OK
sub-112213100_ses-4,60071,119870,2,272,NON_MANIFOLD
sub-112217100_ses-1,60068,119861,3,276,NON_MANIFOLD
sub-112217100_ses-3,60075,119871,2,279,NON_MANIFOLD
sub-112244100_ses-1,60067,119876,1,257,NON_MANIFOLD
sub-112244100_ses-3,60075,119887,4,265,NON_MANIFOLD
sub-112254100_ses-1,60066,119875,3,258,NON_MANIFOLD
sub-112254100_ses-3,60073,119882,3,265,NON_MANIFOLD
sub-112259100_ses-1,60072,119871,4,275,NON_MANIFOLD
sub-112259100_ses-2,60073,119870,5,279,NON_MANIFOLD
sub-112259100_ses-3,60074,119872,4,278,NON_MANIFOLD
sub-112259100_ses-4,60073,119868,3,279,NON_MANIFOLD
sub-112278100_ses-1,60065,119857,1,272,NON_MANIFOLD
sub-112278100_ses-2,60066,119870,3,263,NON_MANIFOLD
sub-112278100_ses-3,60070,119870,1,269,NON_MANIFOLD
sub-112278100_ses-4,60073,119870,3,277,NON_MANIFOLD
sub-112279100_ses-1,60063,119888,1,237,NON_MANIFOLD
sub-112279100_ses-3,60062,119888,2,236,NON_MANIFOLD
sub-112279100_ses-4,60072,119887,4,259,NON_MANIFOLD
sub-112281100_ses-1,60066,119875,1,256,NON_MANIFOLD
sub-112282100_ses-1,60076,119881,3,272,NON_MANIFOLD
sub-112282100_ses-2,60073,119879,2,267,NON_MANIFOLD
sub-112282100_ses-3,60069,119887,1,250,NON_MANIFOLD
sub-112290100_ses-1,60059,119851,3,268,NON_MANIFOLD
sub-112290100_ses-4,60061,119852,2,270,NON_MANIFOLD
sub-112296100_ses-1,60057,119875,0,237,OK
sub-112296100_ses-2,60069,119876,1,261,NON_MANIFOLD
sub-112296100_ses-3,60066,119882,4,252,NON_MANIFOLD
sub-112296100_ses-4,60069,119875,2,263,NON_MANIFOLD
sub-112380100_ses-1,60054,119859,2,249,NON_MANIFOLD
sub-112391100_ses-1,60065,119869,2,261,NON_MANIFOLD
sub-112391100_ses-2,60070,119877,2,263,NON_MANIFOLD
sub-112391100_ses-3,60081,119875,3,288,NON_MANIFOLD
sub-112449100_ses-1,60064,119871,1,256,NON_MANIFOLD
sub-112449100_ses-3,60069,119866,2,272,NON_MANIFOLD
sub-112457100_ses-1,60073,119873,3,274,NON_MANIFOLD
sub-112457100_ses-3,60074,119885,0,261,OK
sub-112460100_ses-1,60063,119863,3,264,NON_MANIFOLD
sub-112481100_ses-1,60053,119864,1,241,NON_MANIFOLD
sub-112481100_ses-3,60064,119870,1,257,NON_MANIFOLD
sub-112491100_ses-1,60065,119850,3,281,NON_MANIFOLD
sub-112491100_ses-3,60069,119868,2,270,NON_MANIFOLD
sub-112498100_ses-1,60068,119869,5,270,NON_MANIFOLD
sub-112498100_ses-2,60078,119868,1,287,NON_MANIFOLD
sub-112498100_ses-3,60079,119878,2,280,NON_MANIFOLD
sub-112499100_ses-1,60063,119869,3,258,NON_MANIFOLD
sub-112499100_ses-2,60061,119867,1,254,NON_MANIFOLD
sub-112500100_ses-1,60073,119868,2,278,NON_MANIFOLD
sub-112500100_ses-2,60068,119878,2,258,NON_MANIFOLD
sub-112502100_ses-1,60061,119872,0,248,OK
sub-112502100_ses-2,60062,119878,0,244,OK
sub-112502100_ses-3,60068,119876,2,260,NON_MANIFOLD
sub-112502100_ses-4,60070,119881,4,261,NON_MANIFOLD
sub-112504100_ses-1,60063,119877,3,250,NON_MANIFOLD
sub-112504100_ses-2,60065,119878,0,250,OK
sub-112504100_ses-4,60068,119882,0,252,OK
sub-112600100_ses-1,60064,119871,0,255,OK
sub-112600100_ses-2,60074,119877,0,269,OK
sub-112600100_ses-3,60071,119870,6,276,NON_MANIFOLD
sub-112600100_ses-4,60074,119882,4,268,NON_MANIFOLD
sub-112615100_ses-1,60057,119874,2,240,NON_MANIFOLD
sub-112615100_ses-2,60069,119869,2,269,NON_MANIFOLD
sub-112615100_ses-3,60071,119881,1,260,NON_MANIFOLD
sub-112615100_ses-4,60067,119871,4,265,NON_MANIFOLD
sub-112628100_ses-1,60057,119878,1,235,NON_MANIFOLD
sub-112628100_ses-2,60066,119871,3,262,NON_MANIFOLD
sub-112633100_ses-1,60065,119860,1,269,NON_MANIFOLD
sub-112633100_ses-2,60063,119865,2,261,NON_MANIFOLD
sub-112652100_ses-1,60066,119855,0,275,OK
sub-112652100_ses-2,60064,119867,1,260,NON_MANIFOLD
sub-112652100_ses-4,60086,119859,5,316,NON_MANIFOLD
sub-112663100_ses-1,60071,119878,3,265,NON_MANIFOLD
sub-112666100_ses-1,60059,119875,4,245,NON_MANIFOLD
sub-112666100_ses-3,60068,119882,6,258,NON_MANIFOLD
sub-112674100_ses-1,60060,119892,2,228,NON_MANIFOLD
sub-112674100_ses-2,60072,119890,3,255,NON_MANIFOLD
sub-112677100_ses-1,60065,119862,0,266,OK
sub-112677100_ses-2,60062,119877,2,247,NON_MANIFOLD
sub-112693100_ses-1,60073,119877,2,269,NON_MANIFOLD
sub-112693100_ses-3,60068,119891,1,244,NON_MANIFOLD
sub-112693100_ses-4,60079,119878,2,280,NON_MANIFOLD
sub-112696100_ses-1,60069,119875,3,264,NON_MANIFOLD
sub-112696100_ses-2,60073,119879,3,268,NON_MANIFOLD
sub-112696100_ses-3,60075,119884,1,265,NON_MANIFOLD
sub-112699100_ses-1,60073,119873,2,273,NON_MANIFOLD
sub-112703100_ses-1,60065,119855,1,274,NON_MANIFOLD
sub-112729100_ses-1,60066,119882,3,251,NON_MANIFOLD
sub-112736100_ses-1,60066,119875,4,258,NON_MANIFOLD
sub-112736100_ses-2,60073,119883,2,263,NON_MANIFOLD
sub-112736100_ses-3,60083,119887,4,281,NON_MANIFOLD
sub-112736100_ses-4,60078,119874,2,282,NON_MANIFOLD
sub-112740100_ses-1,60065,119870,2,260,NON_MANIFOLD
sub-112740100_ses-2,60070,119867,0,271,OK
sub-112745100_ses-1,60060,119849,1,270,NON_MANIFOLD
sub-112745100_ses-2,60056,119854,3,259,NON_MANIFOLD
sub-112745100_ses-3,60061,119862,3,261,NON_MANIFOLD
sub-112758100_ses-1,60062,119868,2,256,NON_MANIFOLD
sub-112765100_ses-1,60061,119883,3,240,NON_MANIFOLD
sub-112765100_ses-4,60072,119879,2,265,NON_MANIFOLD
sub-112769100_ses-1,60084,119887,2,281,NON_MANIFOLD
sub-112769100_ses-2,60089,119890,5,291,NON_MANIFOLD
sub-112769100_ses-4,60087,119895,2,279,NON_MANIFOLD
sub-112774100_ses-1,60054,119883,2,225,NON_MANIFOLD
sub-112774100_ses-2,60060,119887,2,233,NON_MANIFOLD
sub-112778100_ses-1,60072,119858,5,287,NON_MANIFOLD
sub-112783100_ses-1,60067,119873,0,259,OK
sub-112783100_ses-2,60070,119877,5,266,NON_MANIFOLD
sub-112783100_ses-3,60067,119878,2,256,NON_MANIFOLD
sub-112783100_ses-4,60073,119881,1,264,NON_MANIFOLD
sub-112791100_ses-1,60058,119880,2,236,NON_MANIFOLD
sub-112795100_ses-1,60070,119881,2,259,NON_MANIFOLD
sub-112795100_ses-2,60072,119890,3,255,NON_MANIFOLD
sub-112795100_ses-3,60068,119888,1,247,NON_MANIFOLD
sub-112797100_ses-1,60057,119853,2,261,NON_MANIFOLD
sub-112809100_ses-1,60072,119877,3,268,NON_MANIFOLD
sub-112809100_ses-2,60073,119881,4,267,NON_MANIFOLD
sub-112811100_ses-1,60067,119864,2,270,NON_MANIFOLD
sub-112814100_ses-1,60068,119876,3,261,NON_MANIFOLD
sub-112814100_ses-2,60069,119880,4,260,NON_MANIFOLD
sub-112814100_ses-3,60065,119888,2,242,NON_MANIFOLD
sub-112823100_ses-1,60070,119884,3,257,NON_MANIFOLD
sub-112831100_ses-1,60079,119863,4,297,NON_MANIFOLD
sub-112831100_ses-2,60067,119881,3,254,NON_MANIFOLD
sub-112831100_ses-4,60082,119872,7,297,NON_MANIFOLD
sub-112832100_ses-1,60058,119894,3,223,NON_MANIFOLD
sub-112832100_ses-2,60070,119894,2,246,NON_MANIFOLD
sub-112835100_ses-1,60057,119884,3,231,NON_MANIFOLD
sub-112842100_ses-1,60067,119885,1,248,NON_MANIFOLD
sub-112842100_ses-3,60075,119894,2,256,NON_MANIFOLD
sub-112842100_ses-4,60077,119889,4,267,NON_MANIFOLD
sub-112846100_ses-1,60058,119864,2,252,NON_MANIFOLD
sub-112846100_ses-2,60056,119875,1,236,NON_MANIFOLD
sub-112846100_ses-3,60062,119880,4,246,NON_MANIFOLD
sub-112846100_ses-4,60060,119879,2,241,NON_MANIFOLD
sub-112850100_ses-1,60062,119869,3,256,NON_MANIFOLD
sub-112850100_ses-2,60062,119868,2,256,NON_MANIFOLD
sub-112850100_ses-4,60078,119861,0,295,OK
sub-112867100_ses-1,60065,119879,1,250,NON_MANIFOLD
sub-112890100_ses-1,60067,119868,1,265,NON_MANIFOLD
sub-112893100_ses-1,60065,119874,3,257,NON_MANIFOLD
sub-112899100_ses-1,60062,119866,0,256,OK
sub-112899100_ses-2,60058,119872,2,244,NON_MANIFOLD
sub-112905100_ses-1,60057,119868,2,246,NON_MANIFOLD
sub-112917100_ses-1,60067,119867,0,265,OK
sub-112917100_ses-4,60077,119867,3,288,NON_MANIFOLD
sub-112921100_ses-1,60063,119902,4,226,NON_MANIFOLD
sub-112921100_ses-4,60069,119907,3,232,NON_MANIFOLD
sub-112932100_ses-1,60062,119857,3,267,NON_MANIFOLD
sub-112938100_ses-1,60065,119847,3,284,NON_MANIFOLD
sub-112953100_ses-1,60063,119873,7,258,NON_MANIFOLD
sub-112953100_ses-2,60056,119879,4,235,NON_MANIFOLD
sub-112953100_ses-4,60064,119879,3,250,NON_MANIFOLD
sub-112961100_ses-1,60075,119868,2,282,NON_MANIFOLD
sub-112961100_ses-2,60066,119882,1,249,NON_MANIFOLD
sub-112961100_ses-3,60072,119888,8,262,NON_MANIFOLD
sub-112965100_ses-1,60057,119868,2,246,NON_MANIFOLD
sub-112970100_ses-1,60054,119864,2,244,NON_MANIFOLD
sub-112982100_ses-1,60068,119874,4,264,NON_MANIFOLD
sub-112982100_ses-2,60072,119882,0,260,OK
sub-112994100_ses-1,60071,119890,4,254,NON_MANIFOLD
sub-113003100_ses-1,60063,119883,2,243,NON_MANIFOLD
sub-113003100_ses-3,60072,119889,5,258,NON_MANIFOLD
sub-113003100_ses-4,60079,119895,1,262,NON_MANIFOLD
sub-113005100_ses-1,60072,119888,7,261,NON_MANIFOLD
sub-113009100_ses-1,60062,119870,1,253,NON_MANIFOLD
sub-113026100_ses-1,60067,119867,2,267,NON_MANIFOLD
sub-113034100_ses-1,60065,119850,3,281,NON_MANIFOLD
sub-113039100_ses-1,60078,119883,4,275,NON_MANIFOLD
sub-113042100_ses-1,60061,119877,5,248,NON_MANIFOLD
sub-113044100_ses-1,60062,119872,5,254,NON_MANIFOLD
sub-113044100_ses-3,60067,119866,2,268,NON_MANIFOLD
sub-113044100_ses-4,60074,119864,2,284,NON_MANIFOLD
sub-113051100_ses-1,60067,119891,3,244,NON_MANIFOLD
sub-113071100_ses-1,60062,119899,4,227,NON_MANIFOLD
sub-113087100_ses-1,60056,119878,3,235,NON_MANIFOLD
sub-113091100_ses-1,60065,119887,1,242,NON_MANIFOLD
sub-113091100_ses-3,60070,119902,3,239,NON_MANIFOLD
sub-113095100_ses-1,60075,119835,2,313,NON_MANIFOLD
sub-113103100_ses-1,60067,119846,1,287,NON_MANIFOLD
sub-113103100_ses-3,60070,119838,3,303,NON_MANIFOLD
sub-113109100_ses-1,60069,119868,3,271,NON_MANIFOLD
sub-113109100_ses-3,60073,119868,3,279,NON_MANIFOLD
sub-113115100_ses-1,60060,119857,1,262,NON_MANIFOLD
sub-113117100_ses-1,60070,119874,1,265,NON_MANIFOLD
sub-113121100_ses-1,60066,119850,2,282,NON_MANIFOLD
sub-113139100_ses-1,60058,119872,1,243,NON_MANIFOLD
sub-113139100_ses-3,60067,119883,1,250,NON_MANIFOLD
sub-113160100_ses-1,60060,119871,2,249,NON_MANIFOLD
sub-113160100_ses-3,60062,119878,1,245,NON_MANIFOLD
sub-113160100_ses-4,60064,119876,4,254,NON_MANIFOLD
sub-113177100_ses-1,60069,119885,4,255,NON_MANIFOLD
sub-113177100_ses-3,60077,119886,7,273,NON_MANIFOLD
sub-113187100_ses-1,60062,119872,2,252,NON_MANIFOLD
sub-113191100_ses-1,60068,119863,1,272,NON_MANIFOLD
sub-113202100_ses-1,60071,119880,4,264,NON_MANIFOLD
sub-113212100_ses-1,60063,119883,2,243,NON_MANIFOLD
sub-113212100_ses-3,60069,119876,1,261,NON_MANIFOLD
sub-113225100_ses-1,60072,119860,3,285,NON_MANIFOLD
sub-113243100_ses-1,60072,119886,3,259,NON_MANIFOLD
sub-113255100_ses-1,60072,119862,0,280,OK
sub-113255100_ses-2,60066,119879,4,255,NON_MANIFOLD
sub-113255100_ses-3,60070,119875,5,268,NON_MANIFOLD
sub-113270100_ses-1,60080,119882,3,279,NON_MANIFOLD
sub-113270100_ses-3,60066,119878,2,254,NON_MANIFOLD
sub-113283100_ses-1,60077,119879,1,274,NON_MANIFOLD
sub-113310100_ses-1,60066,119879,1,252,NON_MANIFOLD
sub-113343100_ses-1,60055,119876,2,234,NON_MANIFOLD
sub-113343100_ses-3,60074,119882,3,267,NON_MANIFOLD
sub-113369100_ses-1,60069,119880,2,258,NON_MANIFOLD
sub-113411100_ses-1,60065,119892,1,237,NON_MANIFOLD
sub-113411100_ses-3,60065,119899,3,232,NON_MANIFOLD
sub-113424100_ses-1,60062,119881,2,243,NON_MANIFOLD
sub-113438100_ses-1,60066,119877,4,257,NON_MANIFOLD
sub-113452100_ses-1,60071,119867,2,275,NON_MANIFOLD
sub-113466100_ses-1,60070,119876,4,266,NON_MANIFOLD
sub-113506100_ses-1,60063,119882,1,242,NON_MANIFOLD
sub-113506100_ses-3,60065,119877,0,251,OK
sub-113520100_ses-1,60078,119881,5,278,NON_MANIFOLD
sub-113520100_ses-3,60082,119879,4,287,NON_MANIFOLD
sub-113527100_ses-3,60068,119859,2,277,NON_MANIFOLD
sub-113533100_ses-1,60070,119890,4,252,NON_MANIFOLD
sub-113540100_ses-1,60062,119872,0,250,OK
sub-113540100_ses-3,60075,119880,1,269,NON_MANIFOLD
sub-113554100_ses-1,60063,119885,4,243,NON_MANIFOLD
sub-113560100_ses-1,60077,119883,3,272,NON_MANIFOLD
sub-113567100_ses-1,60068,119866,4,270,NON_MANIFOLD
sub-113571100_ses-3,60067,119891,2,243,NON_MANIFOLD
sub-113585100_ses-1,60061,119879,4,245,NON_MANIFOLD
sub-113602100_ses-1,60074,119894,6,258,NON_MANIFOLD
sub-113602100_ses-3,60071,119894,0,246,OK
sub-113608100_ses-1,60065,119882,2,248,NON_MANIFOLD
sub-113622100_ses-1,60069,119886,2,252,NON_MANIFOLD
sub-113622100_ses-3,60074,119885,3,264,NON_MANIFOLD
sub-113635100_ses-1,60063,119880,1,245,NON_MANIFOLD
sub-113648100_ses-1,60065,119856,0,272,OK
sub-113654100_ses-1,60073,119888,3,259,NON_MANIFOLD
sub-113654100_ses-3,60076,119888,1,263,NON_MANIFOLD
sub-113697100_ses-1,60080,119882,0,276,OK
sub-113697100_ses-2,60068,119892,2,244,NON_MANIFOLD
sub-113701100_ses-1,60067,119879,1,254,NON_MANIFOLD
sub-113807100_ses-3,60063,119858,3,269,NON_MANIFOLD
sub-113829100_ses-3,60069,119876,1,261,NON_MANIFOLD
sub-113841100_ses-1,60070,119877,4,265,NON_MANIFOLD
sub-113841100_ses-2,60074,119877,4,273,NON_MANIFOLD
sub-113841100_ses-3,60065,119880,2,250,NON_MANIFOLD
sub-113874100_ses-1,60057,119867,1,246,NON_MANIFOLD
sub-113886100_ses-1,60064,119857,2,271,NON_MANIFOLD
sub-113886100_ses-2,60063,119873,3,254,NON_MANIFOLD
sub-113904100_ses-1,60069,119883,4,256,NON_MANIFOLD
sub-113904100_ses-3,60070,119884,2,256,NON_MANIFOLD
sub-113924100_ses-3,60069,119873,0,263,OK
sub-113931100_ses-3,60067,119877,4,259,NON_MANIFOLD
sub-113952100_ses-3,60068,119870,3,267,NON_MANIFOLD
sub-113959100_ses-1,60060,119854,1,265,NON_MANIFOLD
sub-113994100_ses-3,60064,119871,3,258,NON_MANIFOLD
sub-114029100_ses-3,60069,119883,3,256,NON_MANIFOLD
sub-114043100_ses-3,60061,119873,2,249,NON_MANIFOLD
sub-114064100_ses-3,60071,119867,2,275,NON_MANIFOLD
sub-114113100_ses-3,60065,119865,1,264,NON_MANIFOLD
sub-114120100_ses-3,60070,119870,1,269,NON_MANIFOLD
sub-114148100_ses-3,60077,119898,3,257,NON_MANIFOLD
sub-114162100_ses-3,60069,119869,4,271,NON_MANIFOLD
sub-114175100_ses-1,60067,119866,4,270,NON_MANIFOLD
sub-114182100_ses-1,60068,119871,4,267,NON_MANIFOLD
sub-114187100_ses-1,60066,119884,2,248,NON_MANIFOLD
sub-114194100_ses-1,60071,119885,2,257,NON_MANIFOLD
sub-114201100_ses-3,60063,119871,3,256,NON_MANIFOLD
sub-114215100_ses-1,60062,119882,3,243,NON_MANIFOLD
sub-114222100_ses-3,60067,119867,0,265,OK
sub-114236100_ses-3,60076,119878,2,274,NON_MANIFOLD
sub-114243100_ses-1,60076,119881,2,271,NON_MANIFOLD
sub-114259100_ses-3,60077,119869,5,288,NON_MANIFOLD
sub-114275100_ses-1,60072,119895,2,249,NON_MANIFOLD
sub-114282100_ses-3,60067,119886,1,247,NON_MANIFOLD
sub-114301100_ses-1,60072,119872,6,276,NON_MANIFOLD
sub-114308100_ses-1,60063,119859,4,269,NON_MANIFOLD
sub-114315100_ses-1,60073,119871,8,281,NON_MANIFOLD
sub-114329100_ses-1,60065,119850,0,278,OK
sub-114397100_ses-1,60066,119877,3,256,NON_MANIFOLD
sub-114402100_ses-3,60073,119877,1,268,NON_MANIFOLD
sub-114409100_ses-1,60064,119868,1,259,NON_MANIFOLD
sub-114414100_ses-3,60070,119878,2,262,NON_MANIFOLD
sub-114416100_ses-3,60067,119857,3,278,NON_MANIFOLD
sub-114421100_ses-1,60065,119868,3,263,NON_MANIFOLD
sub-114431100_ses-3,60061,119873,1,248,NON_MANIFOLD
sub-140003100_ses-4,60073,119871,1,274,NON_MANIFOLD
sub-140004100_ses-4,60077,119870,2,284,NON_MANIFOLD
sub-140006100_ses-4,60077,119865,5,292,NON_MANIFOLD
sub-140007100_ses-4,60074,119886,3,263,NON_MANIFOLD
sub-140041100_ses-4,60069,119864,1,273,NON_MANIFOLD
